-- MariaDB dump 10.19  Distrib 10.6.16-MariaDB, for debian-linux-gnu (x86_64)
--
-- Host: localhost    Database: derinos
-- ------------------------------------------------------
-- Server version	10.6.16-MariaDB-0ubuntu0.22.04.1

/*!40101 SET @OLD_CHARACTER_SET_CLIENT=@@CHARACTER_SET_CLIENT */;
/*!40101 SET @OLD_CHARACTER_SET_RESULTS=@@CHARACTER_SET_RESULTS */;
/*!40101 SET @OLD_COLLATION_CONNECTION=@@COLLATION_CONNECTION */;
/*!40101 SET NAMES utf8mb4 */;
/*!40103 SET @OLD_TIME_ZONE=@@TIME_ZONE */;
/*!40103 SET TIME_ZONE='+00:00' */;
/*!40014 SET @OLD_UNIQUE_CHECKS=@@UNIQUE_CHECKS, UNIQUE_CHECKS=0 */;
/*!40014 SET @OLD_FOREIGN_KEY_CHECKS=@@FOREIGN_KEY_CHECKS, FOREIGN_KEY_CHECKS=0 */;
/*!40101 SET @OLD_SQL_MODE=@@SQL_MODE, SQL_MODE='NO_AUTO_VALUE_ON_ZERO' */;
/*!40111 SET @OLD_SQL_NOTES=@@SQL_NOTES, SQL_NOTES=0 */;

--
-- Table structure for table `bloks`
--

DROP TABLE IF EXISTS `bloks`;
/*!40101 SET @saved_cs_client     = @@character_set_client */;
/*!40101 SET character_set_client = utf8 */;
CREATE TABLE `bloks` (
  `id` bigint(20) unsigned NOT NULL AUTO_INCREMENT,
  `perumahan_id` int(11) NOT NULL,
  `customer_id` int(11) DEFAULT NULL,
  `kode` varchar(255) NOT NULL,
  `panjang` double NOT NULL,
  `lebar` double NOT NULL,
  `luas` double NOT NULL,
  `harga_jual` double NOT NULL,
  `status_blok_id` int(11) NOT NULL,
  `status_bayar` enum('ya','tidak') NOT NULL,
  `keterangan` varchar(255) DEFAULT NULL,
  `created_at` timestamp NULL DEFAULT NULL,
  `updated_at` timestamp NULL DEFAULT NULL,
  PRIMARY KEY (`id`)
) ENGINE=InnoDB AUTO_INCREMENT=127 DEFAULT CHARSET=utf8mb4 COLLATE=utf8mb4_unicode_ci;
/*!40101 SET character_set_client = @saved_cs_client */;

--
-- Dumping data for table `bloks`
--

LOCK TABLES `bloks` WRITE;
/*!40000 ALTER TABLE `bloks` DISABLE KEYS */;
INSERT INTO `bloks` VALUES (1,1,1,'b20',13,6,78,305000000,4,'ya','Btn Mks','0000-00-00 00:00:00','2023-09-27 12:44:40'),(2,1,2,'a5',7,11,77,1000000,4,'ya','Btn Mks','0000-00-00 00:00:00','2023-12-19 07:30:07'),(3,1,3,'b11',7,11,77,1000000,4,'ya','Btn Mks','0000-00-00 00:00:00','2023-09-07 05:55:12'),(4,1,4,'b5',7,11,77,1000000,4,'ya','Btn Mks','0000-00-00 00:00:00','2023-09-20 07:43:01'),(5,1,5,'c2',7,11,77,1000000,4,'ya','Btn Mks','0000-00-00 00:00:00','2023-09-20 07:52:13'),(6,1,36,'c13',7,11,77,1000000,4,'ya','Btn Mks','0000-00-00 00:00:00','2023-09-20 07:59:43'),(7,1,48,'b9',7,11,77,1000000,4,'ya','Btn Mks','0000-00-00 00:00:00','2023-09-27 12:44:20'),(8,1,8,'b6',7,11,77,1000000,4,'ya','Btn Mks','0000-00-00 00:00:00','2023-09-07 05:54:00'),(9,1,9,'c14',7,11,77,1000000,1,'ya','Btn Mks','0000-00-00 00:00:00','2023-09-27 12:49:11'),(10,1,10,'c6',7,11,77,1000000,2,'ya','','0000-00-00 00:00:00','2023-09-20 08:34:28'),(11,1,11,'b13',7,11,77,1000000,3,'ya','','0000-00-00 00:00:00','2023-09-20 07:47:49'),(12,1,12,'b7',7,11,77,1000000,4,'ya','','0000-00-00 00:00:00','2023-12-19 07:30:16'),(13,1,13,'c19',7,11,77,1000000,4,'ya','','0000-00-00 00:00:00','2023-09-27 12:47:36'),(14,1,14,'c17',7,11,77,1000000,1,'ya','','0000-00-00 00:00:00','2023-09-27 12:47:11'),(15,1,15,'b12',7,11,77,1000000,4,'ya','','0000-00-00 00:00:00','2023-09-27 12:44:54'),(16,1,16,'c15',7,11,77,1000000,5,'ya','','0000-00-00 00:00:00','2023-09-20 08:00:25'),(17,1,17,'b10',7,11,77,1000000,4,'ya','','0000-00-00 00:00:00','2023-12-19 07:30:27'),(18,1,18,'c18',7,11,77,1000000,4,'ya','','0000-00-00 00:00:00','2023-09-27 12:47:26'),(19,1,35,'c8',7,11,77,1000000,3,'ya','','0000-00-00 00:00:00','2023-09-20 07:56:30'),(20,1,35,'c7',7,11,77,1000000,3,'ya','','0000-00-00 00:00:00','2023-09-20 07:56:11'),(21,1,21,'c20',7,11,77,1000000,4,'ya','','0000-00-00 00:00:00','2023-09-27 12:47:45'),(22,1,22,'b19',7,11,77,1000000,3,'ya','','0000-00-00 00:00:00','2023-09-20 07:51:12'),(23,1,23,'b16',7,11,77,1000000,3,'ya','','0000-00-00 00:00:00','2023-09-11 07:25:26'),(24,1,51,'c4',7,11,77,1000000,4,'ya','','0000-00-00 00:00:00','2023-09-27 12:46:03'),(25,1,25,'b18',7,11,77,1000000,3,'ya','','0000-00-00 00:00:00','2023-09-20 07:50:39'),(26,1,29,'a1',7,11,77,1000000,4,'ya','','0000-00-00 00:00:00','2023-09-26 12:43:39'),(27,1,30,'a2',7,11,77,1000000,4,'ya','','0000-00-00 00:00:00','2023-09-20 06:47:33'),(28,1,43,'a3',7,11,77,1000000,4,'ya','','0000-00-00 00:00:00','2023-09-20 07:31:00'),(29,1,31,'a4',7,11,77,1000000,4,'ya','','0000-00-00 00:00:00','2023-09-20 06:48:19'),(30,1,44,'a6',7,11,77,1000000,4,'ya','','0000-00-00 00:00:00','2023-09-20 07:38:46'),(31,1,45,'a7',7,11,77,1000000,4,'ya','','0000-00-00 00:00:00','2023-09-20 07:39:42'),(32,1,0,'a8',7,11,77,1000000,3,'ya','','0000-00-00 00:00:00','0000-00-00 00:00:00'),(33,1,46,'b1',7,11,77,1000000,4,'ya','','0000-00-00 00:00:00','2023-09-20 08:29:36'),(34,1,32,'b2',7,11,77,1000000,4,'ya','','0000-00-00 00:00:00','2023-09-20 07:40:46'),(35,1,47,'b3',7,11,77,1000000,4,'ya','','0000-00-00 00:00:00','2023-10-11 07:20:42'),(36,1,42,'b4',7,11,77,1000000,4,'ya','','0000-00-00 00:00:00','2023-09-20 07:41:44'),(37,1,37,'b8',7,11,77,1000000,4,'ya','','0000-00-00 00:00:00','2023-09-20 07:44:57'),(38,1,40,'b14',7,11,77,1000000,4,'ya','','0000-00-00 00:00:00','2023-12-19 07:30:41'),(39,1,41,'b15',7,11,77,1000000,3,'ya','','0000-00-00 00:00:00','2023-09-20 07:48:31'),(40,1,49,'b17',7,11,77,1000000,4,'ya','','0000-00-00 00:00:00','2023-09-27 12:45:17'),(41,1,50,'c1',7,11,77,1000000,4,'ya','','0000-00-00 00:00:00','2023-09-27 12:45:48'),(42,1,3,'c3',7,11,77,1000000,5,'ya','','0000-00-00 00:00:00','2023-09-20 07:52:43'),(43,1,39,'c5',7,11,77,1000000,4,'ya','','0000-00-00 00:00:00','2023-09-27 12:46:17'),(44,1,52,'c9',7,11,77,1000000,4,'ya','','0000-00-00 00:00:00','2023-09-27 12:46:32'),(45,1,1,'c10',7,11,77,1000000,1,'ya','','0000-00-00 00:00:00','2023-09-26 12:43:42'),(46,1,2,'c11',7,11,77,1000000,1,'ya','','0000-00-00 00:00:00','2023-09-20 07:58:50'),(47,1,33,'c12',7,11,77,1000000,4,'ya','','0000-00-00 00:00:00','2023-09-20 07:59:08'),(48,1,53,'c16',7,11,77,1000000,4,'ya','','0000-00-00 00:00:00','2023-09-27 12:46:57'),(49,1,54,'c21',7,11,77,1000000,5,'ya','','0000-00-00 00:00:00','2023-09-25 12:34:46'),(50,5,56,'d1',13,6,78,326000000,5,'ya','TANDA JADI 2 JUTA. SUDAH TF CF 1 JUTA. SUDAH TF FEE 6.875.000','2023-12-11 01:39:43','2024-01-09 05:11:08'),(51,5,57,'d2',13,6,78,326000000,4,'ya','TANDA JADI 3 JUTA, SUDAH TF CF 1 JUTA. SUDAH PELUNASAN DP, FEE SUDAH CAIR','2023-12-11 01:40:00','2024-05-03 01:59:45'),(52,5,112,'d3',13,6,78,326000000,4,'ya','TANDA JADI 2 JUTA, SUDAH TF CF 1 JUTA, SUDAH PELUNASAN DP, FEE SUDAH CAIR 15.500.000','2023-12-11 01:40:14','2024-05-29 06:00:59'),(53,5,98,'d4',13,6,78,326000000,4,'ya','TANDA JADI 3 JUTA, FEE SUDAH CAIR','2023-12-11 01:40:28','2024-05-03 02:01:09'),(54,5,72,'d5',13,6,78,326000000,4,'ya','TANDA JADI 3 JUTA, SUDAH TF CF 1 JUTA, SUDAH TF PELUNASDAN DP 3 JUTA TGL 24/01/2024, FEE SUDAH CAIR.','2023-12-11 01:40:41','2024-04-18 06:30:38'),(55,5,73,'d6',13,6,78,326000000,4,'ya','TANDA JADI 3 JUTA. SUDAH TF CF 1 JUTA, SUDAH PELUNASAN DP','2023-12-11 01:40:56','2024-05-22 07:12:36'),(56,5,99,'d7',13,6,78,326000000,6,'ya','TANDA JADI 3 JUTA. SUDAH TF CF 1 JUTA.','2023-12-11 01:41:13','2024-05-07 04:59:54'),(57,5,109,'d8',13,6,78,326000000,3,'ya','TANDA JADI 3 JUTA. SUDAH TF CF 1 JUTA','2023-12-11 01:41:35','2024-05-13 05:21:00'),(58,5,74,'d9',13,6,78,326000000,4,'ya','TANDA JADI 3 JUTA. SUDAH TF CF 1 JUTA. SUDAH PELUNASAN DP TGL 24/2/2024 3 JUTA, FEE SUDAH CAIR.','2023-12-11 01:42:11','2024-04-18 06:29:43'),(59,5,58,'d10',13,6,78,326000000,4,'ya','TANDA JADI 4 JUTA TUNAI. TF PELUNASAN DP 2 JUTA TGL 14/02/2024, SUDAH TF CF, FEE SUDAH CAIR.','2023-12-11 01:43:07','2024-04-18 06:31:10'),(60,5,59,'d11',13,6,78,326000000,4,'ya','TANDA JADI 1 JUTA, SUDAH TF CF 1 JUTA, TAMBAHAN UTJ 2 JUTA TUNAI, SUDAH PELUASANA DP TUNAI 3 JUTA, FEE SUDAH CAIR.','2023-12-11 01:39:43','2024-04-18 06:31:31'),(61,5,68,'d12',13,6,78,326000000,4,'ya','TANDA JADI 1 JUTA, SUDAH TF CF 1 JUTA, SUDAH PENCAIRAN FEE DAN PEMOTONGAN DP 5 JUTA.','2023-12-11 01:40:00','2024-03-02 05:28:53'),(62,5,85,'d13',13,6,78,326000000,4,'ya','TANDA JADI 2 JUTA, TIDAK ADA CF KARENA PENGGANTI ABDUL HAFID (MUNDUR), SUDAH PELUNASAN DP, FEE SUDAH CAIR','2023-12-11 01:40:14','2024-04-26 07:29:25'),(63,5,86,'d14',13,6,78,326000000,4,'ya','TANDA JADI 2 JUTA, SUDAH TF CF 1 JUTA, SUDAH PELUNASAN DP, FEE SUDAH CAIR 15.500.000','2023-12-11 01:40:28','2024-05-29 06:02:34'),(64,5,95,'d15',13,6,78,326000000,4,'ya','TANDA JADI 3 JUTA, SUDAH TF CF 1 JUTA. SUDAH PELUNASAN DP, FEE SUDAH CAIR','2023-12-11 01:40:41','2024-05-03 02:03:26'),(65,5,100,'d16',13,6,78,326000000,6,'ya','TANDA JADI 3 JUTA, SUDAH TF CF 1 JUTA','2023-12-11 01:40:56','2024-05-17 07:19:46'),(66,5,90,'d17',13,6,78,326000000,4,'ya','TANDA JADI 2 JUTA, SUDAH TF CF 1 JUTA. SUDAH PELUNASAN DP. FEE SUDAH CAIR','2023-12-11 01:41:13','2024-04-26 07:28:46'),(67,5,96,'d18',13,6,78,326000000,6,'ya','TANDA JADI 5 JUTA, CF SUDA DIPOTONG AGENSI.','2023-12-11 01:41:35','2024-05-22 01:17:11'),(68,5,87,'d19',13,6,78,326000000,4,'ya','TANDA JADI 3 JUTA, SUDAH TF CF 1 JUTA, PELUNASAN DP 3 JUTA TGL 22/3/2024, FEE SUDAH CAIR.','2023-12-11 01:42:11','2024-04-26 07:29:46'),(69,5,61,'d20',13,6,78,325000000,5,'ya','PEMBAYARAN DP SUDAH 210 JUTA. SUDAH TF FEE 8.250.000, SUDAH PELUNASA FEE 3250.000, POTONG UTANG NURMAN 5 JUTA','2023-12-11 01:43:07','2024-05-14 03:46:00'),(70,5,62,'e1',1,1,1,1,3,'tidak','','2023-12-11 01:39:43','2024-01-10 08:46:24'),(72,5,82,'e3',13,6,78,326000000,3,'ya','TANDA JADI 3 JUTA. SUDAH TF CF 1 JUTA.','2023-12-11 01:40:14','2024-02-21 02:14:09'),(73,5,101,'e4',13,6,78,326000000,4,'ya','TANDA JADI 3 JUTA, SUDAH TF CF 1 JUTA, SUDAH PELUNASAN DP','2023-12-11 01:40:28','2024-05-22 07:13:01'),(74,5,105,'e5',13,6,78,326000000,4,'ya','TANDA JADI 3 JUTA, SUDAH TF CF 1 JUTA, SUDAH PELUNASAN DP, FEE SUDAH CAIR.','2023-12-11 01:40:41','2024-04-26 07:30:05'),(75,5,111,'e6',13,6,78,326000000,3,'ya','TANDA JADI 3 JUTA, SUDAH TF CF 1 JUTA','2023-12-11 01:40:56','2024-05-02 05:35:54'),(76,5,114,'e7',13,6,78,326000000,3,'ya','TANDA JADI 5 JUTA, CF SUDAH DIPOTONG AGENSI.','2023-12-11 01:41:13','2024-05-13 08:52:30'),(77,5,104,'e8',13,6,78,326000000,3,'ya','TANDA JADI 3 JUTA, SUDAH TF CF 1 JUTA','2023-12-11 01:41:35','2024-05-20 03:11:36'),(78,5,136,'e9',13,6,78,341000000,3,'ya','TANDA JADI 3 JUTA TUNAI, SUDAH TF CF 1 JUTA','2023-12-11 01:42:11','2024-05-30 08:14:45'),(79,5,65,'e10',13,6,78,326000000,6,'ya','TANDA JADI 6 JUTA. SUDAH TF CF','2023-12-11 01:43:07','2024-04-18 09:00:04'),(80,5,63,'e11',1,1,1,1,3,'tidak','','2023-12-11 01:39:43','2024-01-10 08:46:39'),(81,5,113,'e12',13,6,78,326000000,3,'ya','TANDA JADI 3 JUTA, SUDAH TF CF 1 JUTA','2023-12-11 01:40:00','2024-05-17 01:41:53'),(82,5,78,'e13',13,6,78,326000000,4,'ya','TANDA JADI 3 JUTA, SUDAH TF CF 1 JUTA, SUDAH TF PELUNASAN DP 3 JUTA TGL 24/01/2024. FEE SUDAH CAIR','2023-12-11 01:40:14','2024-04-18 06:28:55'),(83,5,106,'e14',13,6,78,326000000,3,'ya','TANDA JADI 3 JUTA, SUDAH TF CF 1 JUTA','2023-12-11 01:40:28','2024-05-02 08:02:14'),(84,5,102,'e15',13,6,78,326000000,6,'ya','TANDA JADI 3 JUTA, SUDAH TF CF 1 JUTA','2023-12-11 01:40:41','2024-05-13 08:55:23'),(85,5,110,'e16',13,6,78,326000000,3,'ya','TANDA JADI 3 JUTA, SUDAH TF CF 1 JUTA','2023-12-11 01:40:56','2024-05-13 05:21:10'),(86,5,97,'e17',13,6,78,326000000,4,'ya','TANDA JADI 3 JUTA, SUDAH TF CF 1 JUTA, SUDAH PELUNASAN DP, FEE SUDAH CAIR','2023-12-11 01:41:13','2024-05-03 02:00:08'),(87,5,94,'e18',13,6,78,326000000,4,'ya','TANDA JADI 6 JUTA TUNAI. SUDAH TF CF 1 JUTA, FEE SUDAH CAIR 10.500.000, SUDAH DIPOTONG 5 JUTA','2023-12-11 01:41:35','2024-05-29 06:03:18'),(88,5,64,'f1',1,1,1,1,3,'tidak','','2023-12-11 01:39:43','2024-01-10 08:46:48'),(89,5,133,'f2',13,6,78,341000000,2,'ya','TANDA JADI 3 JUTA, SUDAH TF CF 1 JUTA','2023-12-11 01:40:00','2024-05-25 10:05:15'),(90,5,121,'f3',13,6,78,326000000,3,'ya','TANDA JADI 3 JUTA, SUDAH TF CF 1 JUTA','2023-12-11 01:40:14','2024-05-27 09:45:01'),(91,5,131,'f4',13,6,78,326000000,3,'ya','TANDA JADI 1 JUTA, PENAMBHAN DP 3 JUTA TGL 7/5/2024','2023-12-11 01:40:28','2024-05-15 02:03:07'),(92,5,125,'f5',13,6,78,326000000,3,'ya','TANDA JADI 3 JUTA, SUDAH TF CF 1 JUTA','2023-12-11 01:40:41','2024-05-13 09:23:15'),(93,5,130,'f6',13,6,78,341000000,2,'ya','TANDA JADI 3 JUTA, SUDAH TF CF 1 JUTA','2023-12-11 01:40:56','2024-05-15 04:00:55'),(94,5,117,'f7',13,6,78,326000000,4,'ya','TANDA JADI 6 JUTA, SUDAH TF CF 1 JUTA, SUDAH PENCAIRAN FEE','2023-12-11 01:41:13','2024-05-22 10:03:02'),(95,5,103,'f8',13,6,78,326000000,3,'ya','TANDA JADI 1 JUTA. PELUNASAN DP 5 JUTA TGL 13/02/2024, SUDAH TF CF 1 JUTA','2023-12-11 01:41:35','2024-05-02 08:02:36'),(96,5,92,'f9',13,6,78,326000000,3,'ya','TANDA JADI 3 JUTA. SUDAH TF CF 1 JUTA','2023-12-11 01:42:11','2024-04-02 06:41:44'),(97,5,127,'f10',13,6,78,341000000,3,'ya','TANDA JADI 3 JUTA. SUDAH TF CF 1 JUTA','2023-12-11 01:43:07','2024-05-20 04:22:31'),(98,5,89,'f11',13,6,78,326000000,3,'tidak','TANDA JADI 3 JUTA, SUDAH TF CF 1 JUTA','2023-12-11 01:39:43','2024-04-29 02:18:08'),(99,5,128,'f12',13,6,78,341000000,2,'ya','TANDA JADI 3 JUTA, SUDAH TF CF 1 JUTA','2023-12-11 01:40:00','2024-05-13 03:19:36'),(100,5,122,'f13',13,6,78,341000000,3,'ya','TANDA JADI 3 JUTA','2023-12-11 01:40:14','2024-05-20 03:11:45'),(101,5,134,'f14',13,6,78,341000000,3,'ya','TANDA JADI 3 JUTA, SUDAH TF CF 1 JUTA','2023-12-11 01:40:28','2024-05-29 08:30:48'),(102,5,NULL,'f15',1,1,1,1,1,'tidak','','2023-12-11 01:40:41','2023-12-11 01:40:41'),(103,5,NULL,'f16',1,1,1,1,1,'tidak','','2023-12-11 01:40:56','2023-12-11 01:40:56'),(104,5,135,'f17',13,6,78,341000000,2,'ya','TANDA JADI 3 JUTA, SUDAH TF CF 1 JUTA','2023-12-11 01:41:13','2024-05-29 08:56:18'),(105,5,123,'f18',13,6,78,341000000,2,'ya','TANDA JADI 3 JUTA, SUDAH TF CF 1 JUTA','2023-12-11 01:41:35','2024-05-06 02:17:48'),(106,5,107,'g1',13,6,78,326000000,3,'ya','TANDA JADI 3 JUTA, SUDAH TF CF 1 JUTA','2023-12-11 01:39:43','2024-05-21 05:39:45'),(107,5,126,'g2',13,6,78,326000000,3,'ya','TANDA JADI 3 JUTA, SUDAH TF CF 1 JUTA','2023-12-11 01:40:00','2024-05-08 04:30:16'),(108,5,NULL,'g3',1,1,1,1,1,'tidak','','2023-12-11 01:40:14','2023-12-11 01:40:14'),(109,5,NULL,'g4',1,1,1,1,1,'tidak','','2023-12-11 01:40:28','2023-12-11 01:40:28'),(110,5,NULL,'g5',1,1,1,1,1,'tidak','','2023-12-11 01:40:41','2023-12-11 01:40:41'),(111,5,NULL,'g6',1,1,1,1,1,'tidak','','2023-12-11 01:40:56','2023-12-11 01:40:56'),(112,5,NULL,'g7',1,1,1,1,1,'tidak','','2023-12-11 01:41:13','2023-12-11 01:41:13'),(113,5,116,'g8',13,6,78,326000000,3,'ya','TANDA JADI 3 JUTA, SDUAH TF CF 1 JUTA','2023-12-11 01:41:35','2024-05-27 03:04:21'),(114,5,129,'g9',13,6,78,341000000,3,'ya','TANDA JADI 3 JUTA','2023-12-11 01:42:11','2024-05-30 03:45:10'),(115,5,132,'g10',13,6,78,341000000,3,'ya','TANDA JADI 3 JUTA, SUDAH TF CF 1 JUTA','2023-12-11 01:43:07','2024-05-29 02:09:56'),(116,5,69,'g11',1,1,1,1,3,'tidak','','2023-12-11 01:39:43','2024-01-10 08:46:55'),(117,5,118,'g12',13,6,78,326000000,3,'ya','TANDA JADI 1 JUTA, PENAMBAHAN DP 2 JUTA TGL 2/5/2024, SUDAH TF CF 1 HUTA','2023-12-11 01:40:00','2024-05-27 03:04:29'),(118,5,NULL,'g13',1,1,1,1,1,'tidak','','2023-12-11 01:40:14','2023-12-11 01:40:14'),(119,5,NULL,'g14',1,1,1,1,1,'tidak','','2023-12-11 01:40:28','2023-12-11 01:40:28'),(120,5,NULL,'g15',1,1,1,1,1,'tidak','','2023-12-11 01:40:41','2023-12-11 01:40:41'),(121,5,NULL,'g16',1,1,1,1,1,'tidak','','2023-12-11 01:40:56','2023-12-11 01:40:56'),(122,5,NULL,'g17',1,1,1,1,1,'tidak','','2023-12-11 01:41:13','2023-12-11 01:41:13'),(123,5,115,'g18',13,6,78,326000000,1,'ya','TANDA JADI 1 JUTA','2023-12-11 01:41:35','2024-05-13 09:20:38'),(124,5,93,'g19',1,1,1,1,2,'tidak','','2023-12-11 01:42:11','2024-05-20 06:38:19'),(125,5,91,'g20',13,6,78,326000000,2,'ya','TANDA JADI 3 JUTA, SUDAH TF CF.','2023-12-11 01:43:07','2024-03-05 03:12:47'),(126,5,84,'e2',13,6,78,326000000,4,'ya','TANDA JADI 1 JUTA, SUDAH TF CF 1, SUDAH PELUNASAN DP 5 JUTA, FEE SUDAH CAIR','2024-01-10 11:34:58','2024-04-18 06:27:14');
/*!40000 ALTER TABLE `bloks` ENABLE KEYS */;
UNLOCK TABLES;

--
-- Table structure for table `customers`
--

DROP TABLE IF EXISTS `customers`;
/*!40101 SET @saved_cs_client     = @@character_set_client */;
/*!40101 SET character_set_client = utf8 */;
CREATE TABLE `customers` (
  `id` bigint(20) unsigned NOT NULL AUTO_INCREMENT,
  `perumahan_id` int(11) NOT NULL,
  `nama` varchar(255) NOT NULL,
  `nik` varchar(255) NOT NULL,
  `alamat` varchar(255) NOT NULL,
  `tempat_lahir` varchar(255) NOT NULL,
  `tanggal_lahir` date NOT NULL,
  `jenis_kelamin` enum('L','P') NOT NULL,
  `telepon` varchar(255) NOT NULL,
  `email` varchar(255) NOT NULL,
  `pekerjaan` varchar(255) NOT NULL,
  `ktp` varchar(255) DEFAULT NULL,
  `marketing_id` int(11) DEFAULT NULL,
  `created_at` timestamp NULL DEFAULT NULL,
  `updated_at` timestamp NULL DEFAULT NULL,
  PRIMARY KEY (`id`)
) ENGINE=InnoDB AUTO_INCREMENT=137 DEFAULT CHARSET=utf8mb4 COLLATE=utf8mb4_unicode_ci;
/*!40101 SET character_set_client = @saved_cs_client */;

--
-- Dumping data for table `customers`
--

LOCK TABLES `customers` WRITE;
/*!40000 ALTER TABLE `customers` DISABLE KEYS */;
INSERT INTO `customers` VALUES (1,1,'Yasser Yulianandra','1234567890123450','Makassar','Makassar','2023-09-13','L','81234567890','hallo@gmail.com','-','',1,'0000-00-00 00:00:00','2023-09-27 12:44:40'),(2,1,'Muh Haikal','1234567890123450','Makassar','Makassar','2023-09-13','L','81234567890','hallo@gmail.com','-','',6,'0000-00-00 00:00:00','2023-12-19 07:30:07'),(3,1,'M. Fikri Hamsah Huma','1234567890123450','Makassar','Makassar','0000-00-00','L','81234567890','hallo@gmail.com','-','',8,'0000-00-00 00:00:00','2023-09-20 08:03:49'),(4,1,'Muhammad Fajrin S','1234567890123450','Makassar','Makassar','0000-00-00','L','81234567890','hallo@gmail.com','-','',4,'0000-00-00 00:00:00','2023-09-20 07:43:30'),(5,1,'Sri Wahyuni','7304024401920001','TAMANROYA SELATAN. JENEPONTO','TAMANROYA','1992-01-04','P','082259489292','hallo@gmail.com','PEGAWAI SWASTA','20230920_650acb32d5664.42.51.png',5,'0000-00-00 00:00:00','2023-09-20 10:36:34'),(7,1,'Henrywin Nehemia','1234567890123450','Makassar','Makassar','0000-00-00','L','81234567890','hallo@gmail.com','-','',6,'0000-00-00 00:00:00','2023-09-20 08:05:13'),(8,1,'Supiansyah','1234567890123450','Makassar','Makassar','0000-00-00','L','81234567890','hallo@gmail.com','-','',6,'0000-00-00 00:00:00','2023-09-20 07:44:06'),(9,1,'Fachrul Maulana','1234567890123450','Makassar','Makassar','0000-00-00','L','81234567890','hallo@gmail.com','-','',7,'0000-00-00 00:00:00','2023-09-27 12:49:11'),(10,1,'Muh Fardi Arianto ','1234567890123450','Makassar','Makassar','0000-00-00','L','81234567890','hallo@gmail.com','-','',5,'0000-00-00 00:00:00','2023-09-20 08:34:28'),(11,1,'Andi Sakti. S','1234567890123450','Makassar','Makassar','0000-00-00','L','81234567890','hallo@gmail.com','-','',7,'0000-00-00 00:00:00','2023-09-20 07:47:49'),(12,1,'Andi Sakti. S','1234567890123450','Makassar','Makassar','0000-00-00','L','81234567890','hallo@gmail.com','-','',7,'0000-00-00 00:00:00','2023-12-19 07:30:16'),(13,1,'Rinda Passolon','1234567890123450','Makassar','Makassar','0000-00-00','L','81234567890','hallo@gmail.com','-','',8,'0000-00-00 00:00:00','2023-09-27 12:47:36'),(14,1,'Nurman','1234567890123450','Makassar','Makassar','0000-00-00','L','81234567890','hallo@gmail.com','-','',9,'0000-00-00 00:00:00','2023-09-27 12:47:11'),(15,1,'Asriani','1234567890123450','Makassar','Makassar','0000-00-00','L','81234567890','hallo@gmail.com','-','',11,'0000-00-00 00:00:00','2023-09-27 12:44:54'),(16,1,'Ahmad Sidiq','1234567890123450','Makassar','Makassar','0000-00-00','L','81234567890','hallo@gmail.com','-','',6,'0000-00-00 00:00:00','2023-09-20 08:00:25'),(17,1,'Irnawati','1234567890123450','Makassar','Makassar','0000-00-00','L','81234567890','hallo@gmail.com','-','',7,'0000-00-00 00:00:00','2023-12-19 07:30:27'),(18,1,'Arman','1234567890123450','Makassar','Makassar','0000-00-00','L','81234567890','hallo@gmail.com','-','',4,'0000-00-00 00:00:00','2023-09-27 12:47:26'),(21,1,'Muhammad Aswar','1234567890123450','Makassar','Makassar','0000-00-00','L','81234567890','hallo@gmail.com','-','',11,'0000-00-00 00:00:00','2023-09-27 12:47:45'),(22,1,'Ariza Taufik','1234567890123450','Makassar','Makassar','0000-00-00','L','81234567890','hallo@gmail.com','-','',11,'0000-00-00 00:00:00','2023-09-20 07:51:12'),(23,1,'Hartina','1234567890123450','Makassar','Makassar','0000-00-00','L','81234567890','hallo@gmail.com','-','',4,'0000-00-00 00:00:00','2023-09-11 07:25:26'),(24,1,'Selviani Hendul Hamu','1234567890123450','Makassar','Makassar','0000-00-00','L','81234567890','hallo@gmail.com','-','',12,'0000-00-00 00:00:00','2023-09-20 08:04:42'),(25,1,'Rosniaty Rostin','1234567890123450','Makassar','Makassar','0000-00-00','L','81234567890','hallo@gmail.com','-','',4,'0000-00-00 00:00:00','2023-09-20 07:50:39'),(27,4,'Test','1234567890123456','test','Makassar','2023-09-19','L','0812345678990','test@gmail.com','test',NULL,NULL,'2023-09-19 08:21:37','2023-09-19 08:21:37'),(29,1,'HUSSAIN HARIS','7306080204830007','JL. DG TATA 2','SUNGGUMINASA','1973-04-17','L','082235807991','HUSAIN@GMAIL.COM','WIRAUSAHA',NULL,3,'2023-09-19 08:40:29','2023-09-26 12:43:39'),(30,1,'IRMA DWIANTI','7604046906840002','JL ABDUL KADIR BLOK I.G NO.14','POLEWALI','1984-06-29','P','081242731813','DWIANTIIRMA@GMAIL.COM','PEGAWAI NEGERI SIPIL',NULL,3,'2023-09-20 06:21:32','2023-09-20 06:47:33'),(31,1,'CECILIA TANIJAYA','7306084604020015','JL SULTAN HASANUDDIN 169G','MAKASSAR','2002-04-06','P','082345665406','CECIL@GMAIL.COM','PEGAWAI SWASTA',NULL,10,'2023-09-20 06:29:26','2023-09-20 06:48:19'),(32,1,'ADRIANUS','7306120804900004','JL KELAPA MOLEK 3 NO. 2','UJUNG PANDANG','1990-04-05','L','08114455330','ADRIANUS@GMAIL.COM','WIRASWASTA',NULL,6,'2023-09-20 06:35:13','2023-09-20 07:40:53'),(33,1,'ABDULLAH','7306120107740125','TANGALLA','TACCIRI','1974-07-01','L','085241671504','anDLLah@gmail.com','PEGAWAI NEGERI SIPIL',NULL,1,'2023-09-20 06:38:05','2023-09-20 07:59:08'),(34,1,'SUPIANSYAH','6471020403900002','JL 21 JANUARI NO.128','BALIKPAPAN','1990-03-04','L','081242334982','SUPIANSYAH@GMAIL.COM','PEGAWAI SWASTA',NULL,NULL,'2023-09-20 06:43:51','2023-09-20 06:43:51'),(35,1,'RAHMAT PASANRI','7371030105930005','JL G. LATIMOJONG LR 74 NO.26','MAKASSAR','1993-05-01','L','082231886137','RHP@GMAIL.COM','PEGAWAI SWASTA',NULL,5,'2023-09-20 06:46:31','2023-09-20 07:56:32'),(36,1,'FITA TUMENGKOL','9202124804900007','JL TRIKORA WOSI','GOWA','1990-04-08','P','082139729765','FTMENGKOL@GMAIL.COM','PEGAWAI SWASTA',NULL,5,'2023-09-20 06:53:50','2023-09-20 07:59:43'),(37,1,'ARDIANSA','7371102503940001','JL DG.NGADDE 2','MAKASSAR','1994-02-25','L','085145054493','ARDIAN@GMAIL.COM','PEGAWAI SWASTA',NULL,7,'2023-09-20 06:59:11','2023-09-20 08:30:41'),(38,1,'M FIKRI HAMSAH HUMA','7371032611990003','JL.BARONANG NO.12','MAKASSAR','1999-11-26','L','089647069563','HUMA@GMAIL.COM','WIRAUSAHA',NULL,NULL,'2023-09-20 07:01:47','2023-09-20 07:01:47'),(39,1,'ANGGRIANI','9202125712890009','JL TRIKORA WOSI','UJUNGPANDANG','1989-12-17','P','081341424938','ANG@GMAIL.COM','PEGAWAI SWASTA',NULL,5,'2023-09-20 07:06:56','2023-09-27 12:46:17'),(40,1,'DEFI MELLIANTI','7371134412870006','JL.RAPPOCINI RAYA LR.5 NO.198','MAKASSAR','1987-12-04','P','085241679202','DFML@GMAIL.COM','PEGAWAI SWASTA',NULL,10,'2023-09-20 07:09:34','2023-12-19 07:30:41'),(41,1,'INDAH HARDIYANTI B','7306064703900001','PAKKATTO CADDI','SUNGGUMINASA','1990-02-07','P','08114144447','INDHAG@GMAIL.COM','PEGAWAI SWASTA',NULL,4,'2023-09-20 07:11:59','2023-09-20 10:23:21'),(42,1,'HENGKY KURNIAWAN','7304012803970003','TALASA','BIRANGLOE','1998-02-05','L','082290410771','HRNGKY@GMAIL.COM','PEGAWAI SWASTA',NULL,6,'2023-09-20 07:16:28','2023-09-20 07:41:59'),(43,1,'ARDIANSYAH RISWIN','7301105712900004','TAKALAR','MAKASSAR','1990-12-17','L','0895329516533','RISWIN@GMAIL.COM','PEGAWAI NEGERI SIPIL',NULL,6,'2023-09-20 07:21:17','2023-09-20 07:31:00'),(44,1,'MUH RIZAL AKBAR','7371105712900001','JL. RAJAWALI','MAKASSAR','1991-09-01','L','082112669245','RIZAL@GMAIL.COM','WIRAUSAHA',NULL,6,'2023-09-20 07:33:32','2023-09-20 07:38:52'),(45,1,'AB ZULFIQAR','7899284767846002','MALUKU','SOPPENG','1987-08-24','L','085255522265','ABZ@GMAIL.COM','PEGAWAI NEGERI SIPIL',NULL,3,'2023-09-20 07:37:21','2023-09-20 07:39:42'),(46,1,'AKBAR J','9098090007900011','MALINO','MAKASSAR','1999-01-29','L','098736426625','AKJN@GMAIL.COM','WIRAUSAHA',NULL,5,'2023-09-20 08:07:18','2023-09-20 08:29:36'),(47,1,'IRSAN','0988768647377297','MAKASSAR','BULUKUMBA','1998-07-23','L','09826253544','IRSN@GMAIL.COM','PEGAWAI SWASTA',NULL,5,'2023-09-20 08:09:26','2023-10-11 07:20:42'),(48,1,'MUHAMMAD SYADIQ SYAKIR','7301105712900001','MAKASSAR','MAKASSAR','1990-12-17','L','08114334656','MSS@GMAIL.COM','PEGAWAI SWASTA',NULL,6,'2023-09-20 08:11:40','2023-09-27 12:44:20'),(49,1,'ISMAWATI BASRI','7306044107020089','PURI TAMAN SARI','MALINO','2000-12-22','P','0836772937','IMB@GMAIL.COM','KARYAWAN SWASTA',NULL,5,'2023-09-20 08:16:34','2023-09-27 12:45:17'),(50,1,'MILAWATY','9484737373800002','ANTANG','MAKASSAR','1987-08-09','P','081156736389','MLASSE@GMAIL.COM','PEGAWAI BUMN',NULL,10,'2023-09-20 08:17:57','2023-09-27 12:45:48'),(51,1,'DINUL RIFKY HAMDU','1234567890098763','MAKASSAR','MAKASSAR','1990-09-20','L','081234567890','HFGFG@GMAIL.COM','PEGAWAI SWASTA',NULL,12,'2023-09-20 08:21:16','2023-09-27 12:46:03'),(52,1,'DELLA INDAH LESTARI','1237890980980091','MAKASSAR','MAKASSAR','1996-09-20','P','0983764635','DELLA@GMAIL.COM','PEGAWAI SWASTA',NULL,4,'2023-09-20 08:23:42','2023-09-27 12:46:32'),(53,1,'ABID PRADATA','7892028797809356','MAKASSAR','BULUKUMBA','2000-12-17','L','03836363572','ABID@GMAIL.COM','PEGAWAI SWSTA',NULL,7,'2023-09-20 08:25:22','2023-09-27 12:46:57'),(54,1,'FRANSISKUS CORNEL MOTE','9873456787776201','MAKASSAR','PAPUA','1987-12-20','L','098827368466','FRANS@GMAIL.COM','WIRAUSAHA',NULL,8,'2023-09-20 08:28:27','2023-09-25 12:34:46'),(56,5,'NUR HASNI','7371096504690006','JL MIRAH SERUNI','BANTAENG','1969-04-25','P','085395955559','ADMINAPRILIYA@DERINOSGROUP.COM','IRT',NULL,6,'2023-12-19 07:11:46','2023-12-22 01:35:12'),(57,5,'HASMIRA','7306025804000001','TIMPOPPO','TIMPOPPO','2000-04-18','P','085348673668','ADMINAPRILIYA@DERINOSGROUP.COM','KARYAWAN','20240313_65f10bc999ddb.jpg',4,'2023-12-21 06:07:55','2024-04-26 07:21:13'),(58,5,'HERU PATMONO','3172011102820007','JL. GUNUNG NONA NO. 22','PONTIANAK','1982-02-11','L','085255311139','ADMINAPRILIYA@DERINOSGROUP.COM','KARYAWAN SWASTA','20231221_6583d7449a43a.jpg',4,'2023-12-21 06:12:20','2024-02-26 08:43:48'),(59,5,'PUTRI','7306086202950013','JL. INPEKSI KANAL','SUNGGUMINASA','1995-02-22','P','087768938345','ADMINAPRILIYA@DERINOSGROUP.COM','KARYAWAN SWASTA','20231221_6583d8c301fb6.jpg',4,'2023-12-21 06:18:43','2024-02-27 03:04:24'),(60,5,'ARMADANI MAULANA','7306083009010008','BTN DUTA MAS PERTIWI BLOK A NO. 1','MAKASSAR','2001-09-30','L','088246847068','ADMINAPRILIYA@DERINOSGROUP.COM','KARYAWAN SWASTA','20231221_6583dd11ba25d.jpg',4,'2023-12-21 06:37:05','2024-03-21 07:13:42'),(61,5,'HJ ZAHRAH','9118016109590001','JL. KOMPAS','WATAMPONE','1959-09-21','P','081242490146','ADMINAPRILIYA@DERINOSGROUP.COM','IRT','20231221_6583dee539d01.jpg',4,'2023-12-21 06:44:53','2023-12-21 07:05:21'),(62,5,'APRILIYA SUCI LISTARI','7401104704950001','LINGK. II LAPALISU DARAT','WOLO','1995-05-05','P','082395321092','ADMINAPRILIYA@DERINOSGROUP.COM','KARYAWAN SWASTA','20231223_65865532c27dc.jpg',17,'2023-12-23 03:34:10','2024-01-10 08:46:24'),(63,5,'RATU HILDA ANANDA','7401106607020002','LIMGK. I WOLO DARAT','WOLO','2002-07-26','P','082258456590','ADMINAPRILIYA@DERINOSGROUP.COM','MAHASISWA','20231223_65865710124aa.jpg',17,'2023-12-23 03:42:08','2024-01-10 08:46:39'),(64,5,'RIZKA AULIAH SAFITRI','7401106101990001','JL. PENJERNIHAN RAYA NO. 46','WOLO','1999-01-21','P','082188655943','ADMINAPRILIYA@DERINOSGROUP.COM','KARYAWAN SWASTA','20231223_65865797cec8d.jpg',17,'2023-12-23 03:44:23','2024-01-10 08:46:48'),(65,5,'ABDILLAH WAHYU RAMADHAN','7306122102960003','BONTO PAJJA','BONTO PAJJA','1996-02-21','L','085397969776','ADMINAPRILIYA@DERINOSGROUP.COM','KARYAWAN SWASTA','20240322_65fd084489284.jpg',6,'2023-12-29 08:25:57','2024-05-17 08:44:30'),(68,5,'NURJANNAH','7306024806980001','PANNUJUANG','LIMBUNG','1998-06-08','P','085298581516','ADMINAPRILIYA@DERINOSGROUP.COM','WIRAUSAHA','20231230_658faddc6f5fb.jpg',4,'2023-12-30 05:42:52','2024-02-26 08:43:58'),(69,5,'JUNAEDI','7306120604920005','TAMANGAPA RAYA NO. 251','BONTOBILA','1992-04-06','L','085274559373','ADMINAPRILIYA@DERINOSGROUP.COM','PENGUSAHA',NULL,17,'2023-12-30 06:08:34','2024-03-08 03:16:02'),(72,5,'NURSIDA, A.Md.Kep','7306075502900005','JL. BASO DG NGAWING PEKANGLABBU','SUNGGUMINASA','1990-02-15','P','085244304292','ADMINAPRILIYA@DERINOSGROUP.COM','WIRAUSAHA','20240102_6593cca7bba23.jpg',4,'2024-01-02 08:43:19','2024-02-26 08:43:26'),(73,5,'NURTINI','7371096612820026','JL. URIP SUMOHARJO LR 4 NO 90','TAKALAR','1982-12-26','P','085256566117','ADMINAPRILIYA@DERINOSGROUP.COM','WIRASWATA','20240407_661218436e689.jpeg',17,'2024-01-04 09:04:46','2024-05-22 07:12:36'),(74,5,'FITRIANI','7306085604910007','JL. VETERAN BAKUNG','SAMATA','0091-04-16','P','085243019661','ADMINAPRILIYA@DERINOSGROUP.COM','KARYAWAN','20240109_659ccfe15ef1a.jpg',7,'2024-01-06 10:31:55','2024-02-26 08:43:39'),(78,5,'PATAHUDDIN','7371070504880013','JL. SUNU IV NO. 16 C','BULUKUMBA','1988-04-05','L','085386066346','ADMINAPRILIYA@DERINOSGROUP.COM','KARYAWAN SWASTA','20240117_65a735d9807b8.jpg',8,'2024-01-17 02:05:13','2024-05-17 08:46:23'),(82,5,'RAFFENDA RAISYA ARIFIN','8271060606030003','LINGKUNGAN IV','AMBON','2003-06-06','L','081355520099','ADMINAPRILIYA@DERINOSGROUP.COM','KARYAWAN SWASTA','20240123_65af44fac0238.jpg',4,'2024-01-23 04:47:54','2024-02-21 02:14:09'),(84,5,'NURNINGSIH','7209015400790001','JL. SUNGAI WALANAE LR 17 NO 7','KATUPAT','1979-11-14','P','085397569333','ADMINAPRILIYA@DERINOSGROUP.COM','WIRASWATA','20240126_65b30f39230f6.jpg',4,'2024-01-26 01:47:37','2024-04-18 06:07:44'),(85,5,'NUR AKBAR','7306010504860004','DUSUN BONTOCINIAYO','SUNGGUMINASA','1986-04-05','L','085245551976','ADMINAPRILIYA@DERINOSGROUP.COM','PNS','20240229_65e03e0bae051.jpg',8,'2024-02-03 04:05:37','2024-04-19 08:12:31'),(86,5,'ANNI IWAN ARIFIN','7371086508880003','JL. NUSANTARA BARU NO. 6','UJUNG PANDANG','1988-08-25','P','082189531717','ADMINAPRILIYA@DERINOSGROUP.COM','PENATA RIAS','20240203_65bdd861321a7.jpg',4,'2024-02-03 06:08:33','2024-05-22 07:12:26'),(87,5,'AHMADI','7306081501940005','JL. NURI LR. 301NO. 22','AMBON','1994-01-15','L','082190798721','ADMINAPRILIYA@DERINOSGROUP.COM','KARYAWAN SWASTA','20240215_65cd6d7343e35.jpg',17,'2024-02-15 01:48:35','2024-04-17 08:29:54'),(88,5,'AKBAR','7313020107910069','DUSUN BILA','BILA','1991-07-01','L','601112381945','ADMINAPRILIYA@DERINOSGROUP.COM','WIRASWATA','20240227_65dd4fa530514.jpg',7,'2024-02-27 02:57:41','2024-05-13 07:38:26'),(89,5,'IRWAN','7371101109010017','JL. MANNURUKI 6 LR 4 NO 12','MAKASSAR','2001-09-11','L','081341141762','ADMINAPRILIYA@DERINOSGROUP.COM','KARYAWAN SWASTA','20240301_65e1953011f2a.jpg',15,'2024-03-01 08:43:28','2024-05-17 08:49:05'),(90,5,'SYAMSIR ANHAR','7307020601970001','LABETTANG','SINJAI','1997-06-01','L','082188226413','ADMINAPRILIYA@DERINOSGROUP.COM','KARYAWAN SWASTA','20240303_65e40e50642c6.27.36 PM.jpeg',14,'2024-03-03 05:44:48','2024-05-17 08:38:38'),(91,5,'NESYA ALMARETTA NATASHIA S.W','7371124412910005','JL.  TANJUNG BUNGA LR 428 F','UJUNG PANDANG','1991-12-04','P','082193617997','ADMINAPRILIYA@DERINOSGROUP.COM','KARYAWAN SWASTA','20240305_65e68d4f86a30.jpg',4,'2024-03-05 03:11:11','2024-03-05 03:11:38'),(92,5,'ARMAYANTI','7316075410970001','JL. MUHAJIRIN 3 NO. 87','ENREKANG','1997-10-14','P','081399994053','ADMINAPRILIYA@DERINOSGROUP.COM','KARYAWAN SWASTA','20240318_65f7a17346dd2.jpg',4,'2024-03-18 02:05:39','2024-04-02 06:41:44'),(93,5,'MASITA','7371105901810004','JL. MANUNGGAL 31/89','UJUNG PANDANG','1981-01-19','P','08114133899','ADMINAPRILIYA@DERINOSGROUP.COM','KARYAWAN SWASTA','20240322_65fced4a2f152.jpg',4,'2024-03-22 02:30:34','2024-05-20 06:38:19'),(94,5,'AKBAR','7371133112930030','BTN MINASAUPA','UJUNG PANDANG','1993-12-31','L','085242879898','ADMINAPRILIYA@DERINOSGROUP.COM','WIRASWATA','20240322_65fd357f6b1e4.jpg',4,'2024-03-22 07:38:39','2024-05-27 09:44:50'),(95,5,'FITA ANDRIYANI','7371074112890005','JL. SUNU UTARA NO. 207','UJUNG PANDANG','1984-09-20','P','085298883729','ADMINAPRILIYA@DERINOSGROUP.COM','WIRASWATA','20240404_660e59527bd01.jpg',8,'2024-03-31 11:30:36','2024-04-26 07:21:35'),(96,5,'NURUL INAYAH','7371106709990003','JL. MALLENGKERI III','UJUNG PANDANG','1999-09-27','P','085299993880','ADMINAPRILIYA@DERINOSGROUP.COM','KARYAWAN SWASTA','20240331_660949d837c40.jpg',15,'2024-03-31 11:32:40','2024-05-22 01:17:11'),(97,5,'ARGA RIPKIANSYA','7205022208940001','DESA LAKEA II','SAMARINDA','1994-08-22','L','08999700394','ADMINAPRILIYA@DERINOSGROUP.COM','KARYAWAN SWASTA','20240402_660b655835518.jpg',4,'2024-04-02 01:54:32','2024-04-29 06:19:03'),(98,5,'PANDU SATRYA MAHARDIKA','7371021008810011','JL. OMNTA LAMA 4 NO. 15','MAKASSAR','1981-08-10','L','085343813583','ADMINAPRILIYA@DERINOSGROUP.COM','KARYAWAN SWASTA','20240405_66100bd38907c.jpg',8,'2024-04-05 14:33:55','2024-05-17 08:35:23'),(99,5,'TASLIM','7408021407950003','DUSUN III TANGGALAMATA','MIKUASI','1995-07-14','L','081247329446','ADMINAPRILIYA@DERINOSGROUP.COM','WIRASWASTA','20240407_6612198b8bdad.jpeg',17,'2024-04-07 03:56:59','2024-05-07 04:59:54'),(100,5,'MUH FIQRI HAIKAL','7306183110990001','ASR. YONKAV 7, PASAREBO','TAMATTIA','1999-10-31','L','085954671510','ADMINAPRILIYA@DERINOSGROUP.COM','ASN (TNI)','20240407_66121a5ea4650.jpeg',17,'2024-04-07 04:00:30','2024-05-17 07:19:46'),(101,5,'REZKI FEBRIANTI','7401076902000001','JL. PAHLAWAN','MAKASSAR','2000-02-29','P','081993807284','ADMINAPRILIYA@DERINOSGROUP.COM','KARYAWAN SWASTA','20240416_661dee67f2ca1.jpg',6,'2024-04-16 03:20:07','2024-05-22 07:13:01'),(102,5,'SARIPUDDIN. J','7304051907990002','PASSAUKANG','TOLO-TOLO','1999-07-19','L','082275446185','ADMINAPRILIYA@DERINOSGROUP.COM','KARYAWAN SWASTA','20240416_661df4c8cbd03.jpg',17,'2024-04-16 03:47:20','2024-05-17 08:47:38'),(103,5,'KAHARUDDIN','7304022006760004','BORONG KELORO','BARAYA','1976-06-20','L','082388557730','ADMINAPRILIYA@DERINOSGROUP.COM','WIRASWATA','20240416_661e03e8ed2ad.jpg',6,'2024-04-16 04:51:52','2024-05-15 01:37:49'),(104,5,'DINA WAHYUNI DG TE\'NE','7306076306030008','BTN SOMBA OPU PERMAI B. 1 NO. 38','JENEPOMNTO','2003-06-23','P','083133735669','ADMINAPRILIYA@DERINOSGROUP.COM','KARYAWAN SWASTA','20240416_661e047fde297.jpg',6,'2024-04-16 04:54:23','2024-05-20 03:11:36'),(105,5,'AKBAR','7310090202960001','BONTO MATENE','CEMPAE','1996-02-02','L','085240891471','ADMINAPRILIYA@DERINOSGROUP.COM','WIRASWASTA','20240416_661e67f42d775.jpg',17,'2024-04-16 11:58:44','2024-05-15 01:47:16'),(106,5,'M.JH. AKMAL AKSA','7304091305040001','PINNYANGKABUNG','JENEPONTO','2004-05-13','L','083115993305','ADMINAPRILIYA@DERINOSGROUP.COM','KARYAWAN SWASTA','20240417_661f332d89b4c.jpg',6,'2024-04-17 02:25:49','2024-05-15 01:40:00'),(107,5,'A. DEWI DEWANTI UMAR','7305024410930001','UJUNG BASSI','TAKALAR','1993-10-04','P','085243248662','ADMINAPRILIYA@DERINOSGROUP.COM','KARYAWAN SWASTA','20240418_6620c6669fa3c.jpg',8,'2024-04-18 07:06:14','2024-05-21 05:28:57'),(108,5,'ANSYAR, HS','7371070405750003','JL. BARUKANG LR. 3 NO. 5','UJUNG PANDANG','1975-05-04','L','082395321092','ADMINAPRILIYA@DERINOSGROUP.COM','KARYAWAN SWASTA','20240419_6621c69464f31.jpg',17,'2024-04-19 01:19:16','2024-05-30 02:56:03'),(109,5,'ADITIA SAKTI WIJAYA','7306070110000006','BTN PELITA ASRI O NO. 2','GOWA','2000-10-01','L','082195850734','ADMINAPRILIYA@DERINOSGROUP.COM','KARYAWAN SWASTA','20240422_6625dbea8713e.jpg',6,'2024-04-22 03:39:22','2024-05-15 01:37:25'),(110,5,'FATUR RAHMAN','7306081204000004','BTN TAMARUNANG INDAH 2 BLOK C 14/7','MAKASSAR','2000-04-12','L','0853152109301','ADMINAPRILIYA@DERINOSGROUP.COM','KARYAWAN SWASTA','20240422_6625dcb60337d.jpg',6,'2024-04-22 03:42:46','2024-05-15 01:36:49'),(111,5,'ADE IRMA','7371094804890005','JL. PAMPANG 2 NO. 56','UJUNG PANDANG','1989-04-08','P','081946683012','ADMINAPRILIYA@DERINOSGROUP.COM','KARYAWAN SWASTA','20240423_662740251f004.jpg',4,'2024-04-23 04:59:17','2024-05-17 08:41:52'),(112,5,'ST. RACHMATIAH SALEH','7371106710770007','JL. DG NGADDE BLOK 5D LR 1 NO 4A HARTACO INDAH','UJUNG PANDANG','1977-10-27','P','085299447760','ADMINAPRILIYA@DERINOSGROUP.COM','WIRASWATA','20240424_6628b7d26bf3a.jpg',4,'2024-04-24 07:42:10','2024-05-29 02:57:28'),(113,5,'ANDI INDAH PRATIWI','7315025609980001','DSN IV BULUCENRANA','PARE PARE','1998-07-11','P','08982180888','ADMINAPRILIYA@DERINOSGROUP.COM','KARYAWAN SWASTA','20240424_6628b91156bef.jpg',4,'2024-04-24 07:47:29','2024-05-17 08:45:24'),(114,5,'SURIANI','7371014511940001','JL. HATI RELA LR. II','UJUNG PANDANG','1994-11-05','P','0895800680611','ADMINAPRILIYA@DERINOSGROUP.COM','KARYAWAN SWASTA','20240425_6629e0e7bd644.jpg',15,'2024-04-25 04:49:43','2024-05-17 08:42:54'),(115,5,'ABD HALIK HAMSIN','7371061305900002','JL. TINUMBU I NO. 26','UJUNG PANDANG','1990-05-13','L','082395321092','ADMINAPRILIYA@DERINOSGROUP.COM','KARYAWAN SWASTA','20240430_66304c4d85451.jpg',4,'2024-04-30 01:41:33','2024-05-13 09:20:38'),(116,5,'RATNA PARAMITA SARI','7371115603850009','JL. GOA RIA PERUM. TAMAN BUNGA 1 B/6','MAKASSAR','1985-03-15','P','085340603188','ADMINAPRILIYA@DERINOSGROUP.COM','KARYAWAN SWASTA','20240525_66514d64999ae.jpg',4,'2024-04-30 01:45:21','2024-05-27 03:04:21'),(117,5,'WAHYUDDIN','7601050509920003','JL. SAMRATULANGI','MAJENE','1992-09-05','L','085240621260','ADMINAPRILIYA@DERINOSGROUP.COM','PNS','20240430_66307dc1e3844.jpg',15,'2024-04-30 05:12:33','2024-05-22 09:56:12'),(118,5,'SANI FITRIYANI','3273145503940002','JL. HONAI','BANDUNG','1994-03-15','P','089519615254','adminapriliya@derinosgroup.com','WIRASWASTA','20240501_6631c7df06b53.jpg',4,'2024-05-01 04:41:03','2024-05-29 02:59:02'),(121,5,'JEFRI','7371031307960001','JL. VETERAN SELATAN LR. 2/28','UJUNG PANDANG','1996-07-13','L','085398088827','ADMINAPRILIYA@DERINOSGROUP.COM','KARYAWAN SWASTA','20240503_66349f9a60d5f.jpg',7,'2024-05-03 08:26:02','2024-05-29 02:55:40'),(122,5,'DYAN RAHEDI','7202195810970002','PANCANA-JULUKANAYA','PALOPO','1997-04-04','P','085399636711','ADMINAPRILIYA@DERINOSGROUP.COM','WIRAUSAHA','20240504_6635be11e8743.jpg',17,'2024-05-04 04:48:17','2024-05-20 03:11:45'),(123,5,'JABBAR DG SIJAYA','7306070405890011','JENETALLASA','JENETALLASA','1989-05-04','L','082395321092','ADMINAPRILIYA@DERINOSGROUP.COM','WIRASWATA','20240506_663837fcbe983.jpg',9,'2024-05-06 01:53:00','2024-05-06 01:55:32'),(124,5,'MUNAWAR AS\'AD','7371102812910005','JL. DEPPASAWI DALAM NO. 84','MAKASSAR','1991-10-28','L','082395321092','ADMINAPRILIYA@DERINOSGROUP.COM','KARYAWAN SWASTA','20240506_66383880052d9.jpg',4,'2024-05-06 01:55:12','2024-05-29 04:57:57'),(125,5,'KASMAWATI, S.Pd','7303024904700002','JL. MERPATI BARU','BANTAENG','1970-04-09','P','085299037970','ADMINAPRILIYA@DERINOSGROUP.COM','PNS','20240508_663ad64891391.jpg',4,'2024-05-08 01:32:56','2024-05-13 09:23:15'),(126,5,'ICA NURJANNAH','7371147101970001','JL. PACCERAKKANG NO. 175','BELOPA','1997-01-31','P','085333923249','ADMINAPRILIYA@DERINOSGROUP.COM','WIRAUSAHA','20240508_663affc7e1764.jpg',6,'2024-05-08 04:29:59','2024-05-08 04:30:16'),(127,5,'M RUSLANDAHLAN, S.Sos','7371102809820005','JL. MANUNGGAL 31 NO. 14 A','UJUNG PANDANG','1982-09-28','L','085255014420','ADMINAPRILIYA@DERINOSGROUP.COM','PNS (POLISI)','20240510_663daff0bae80.jpeg',6,'2024-05-10 05:26:08','2024-05-20 04:22:31'),(128,5,'SRIYANI YANTI DAHLAN','7372015310870002','JL. LETJEN POL','PARE PARE','1987-10-13','P','082395321092','adminapriliya@derinosgroup.com','KARYAWAN SWASTA','20240510_663db133ed979.jpeg',6,'2024-05-10 05:31:31','2024-05-10 05:33:07'),(129,5,'MARIA YESICHA YOLANDA','7306074808980011','BTN JE\'NE CI\'NONG BLOK I NO 11','UJUNG PANDANG','1998-08-08','P','082395321092','ADMINAPRILIYA@DERINOSGROUP.COM','KARYAWAN SWASTA','20240513_6641a82552b28.jpg',14,'2024-05-13 05:41:57','2024-05-30 03:45:10'),(130,5,'RAMADANI MANSYUR','7371062004900002','JL. S. CEREKANG KOMP PLN NO. 8','UJUNG PANDANG','1990-04-20','L','082395321092','ADMINAPRILIYA@DERINOSGROUP.COM','KARYAWAN SWASTA','20240515_66440e047cca8.jpg',6,'2024-05-15 01:21:08','2024-05-15 01:21:23'),(131,5,'FEBRIYANTI','7371146312990003','JL. TEUKU UMAR 10 LR. 6','MAKASSAR','1999-12-23','P','085230326598','ADMINAPRILIYA@DERINOSGROUP.COM','KARYAWAN SWASTA','20240515_664416899480f.jpg',4,'2024-05-15 01:57:29','2024-05-15 02:03:07'),(132,5,'NISHA PRATIWI SASMITHA','7306077003980002','BTN BAKOLU CITRA','MAKASSAR','1998-03-30','P','082188176059','ADMINAPRILIYA@DERINOSGROUP.COM','KARYAWAN SWATA','20240518_6648206eae382.jpg',4,'2024-05-18 03:28:46','2024-05-29 02:54:09'),(133,5,'NADIA PRADITA NAKII','7171024411000001','DESA TINEMBA','MANADO','2000-11-04','P','082395321092','ADMINAPRILIYA@DERINOSGROUP.COM','KARYAWAN SWASTA','20240525_6651b7a9f06de.jpg',4,'2024-05-25 10:04:25','2024-05-28 03:38:46'),(134,5,'FERINA HASTUTUI','6204064901880003','TANAH KAPLING PONDOK ASRI I','BARABAI','1988-01-09','P','081349328333','ADMINAPRILIYA@DERINOSGROUP.COM','KARYAWAN SWASTA','20240529_665690f2c25a4.jpg',4,'2024-05-29 02:20:34','2024-05-29 08:30:48'),(135,5,'MUH. RAFLI','7371013008020002','JL. DR. RATULANGI NO. 62 B','PALLEKO','2000-08-30','L','082395321092','ADMINAPRILIYA@DERINOSGROUP.COM','KARYAWAN SWASTA','20240529_6656eda6c6665.jpg',4,'2024-05-29 08:56:06','2024-05-29 08:56:18'),(136,5,'DWI SUPRIYANTO','7371111906000006','JL. TERNATE NO. 4','UJUNG PANDANG','2000-06-19','L','085342796944','ADMINAPRILIYA@DERINOSGROUP.COM','KARYAWAN SWASTA','20240530_6657fb0fdd1af.jpg',17,'2024-05-30 04:05:35','2024-05-30 08:14:45');
/*!40000 ALTER TABLE `customers` ENABLE KEYS */;
UNLOCK TABLES;

--
-- Table structure for table `failed_jobs`
--

DROP TABLE IF EXISTS `failed_jobs`;
/*!40101 SET @saved_cs_client     = @@character_set_client */;
/*!40101 SET character_set_client = utf8 */;
CREATE TABLE `failed_jobs` (
  `id` bigint(20) unsigned NOT NULL AUTO_INCREMENT,
  `uuid` varchar(255) NOT NULL,
  `connection` text NOT NULL,
  `queue` text NOT NULL,
  `payload` longtext NOT NULL,
  `exception` longtext NOT NULL,
  `failed_at` timestamp NOT NULL DEFAULT current_timestamp(),
  PRIMARY KEY (`id`),
  UNIQUE KEY `failed_jobs_uuid_unique` (`uuid`)
) ENGINE=InnoDB DEFAULT CHARSET=utf8mb4 COLLATE=utf8mb4_unicode_ci;
/*!40101 SET character_set_client = @saved_cs_client */;

--
-- Dumping data for table `failed_jobs`
--

LOCK TABLES `failed_jobs` WRITE;
/*!40000 ALTER TABLE `failed_jobs` DISABLE KEYS */;
/*!40000 ALTER TABLE `failed_jobs` ENABLE KEYS */;
UNLOCK TABLES;

--
-- Table structure for table `marketing`
--

DROP TABLE IF EXISTS `marketing`;
/*!40101 SET @saved_cs_client     = @@character_set_client */;
/*!40101 SET character_set_client = utf8 */;
CREATE TABLE `marketing` (
  `id` bigint(20) unsigned NOT NULL AUTO_INCREMENT,
  `nama` varchar(255) NOT NULL,
  `created_at` timestamp NULL DEFAULT NULL,
  `updated_at` timestamp NULL DEFAULT NULL,
  PRIMARY KEY (`id`)
) ENGINE=InnoDB AUTO_INCREMENT=19 DEFAULT CHARSET=utf8mb4 COLLATE=utf8mb4_unicode_ci;
/*!40101 SET character_set_client = @saved_cs_client */;

--
-- Dumping data for table `marketing`
--

LOCK TABLES `marketing` WRITE;
/*!40000 ALTER TABLE `marketing` DISABLE KEYS */;
INSERT INTO `marketing` VALUES (4,'LANDMARK','2023-09-02 07:45:18','2023-12-21 06:55:19'),(6,'WIN GOLD PROPERTY','2023-09-02 07:45:41','2023-12-21 06:55:44'),(7,'RATU KENCANA PROPERTY','2023-09-02 07:45:52','2023-12-21 06:56:00'),(8,'RCA PROPERTY','2023-09-02 07:46:01','2023-12-21 06:56:26'),(9,'SKY PROPERTY','2023-09-02 07:46:09','2023-12-21 06:56:41'),(14,'46 PROPERTY','2023-12-21 06:58:14','2023-12-21 06:58:14'),(15,'HELLOTA PROPERTY','2023-12-21 06:59:36','2023-12-21 06:59:36'),(16,'AJH PROPERTY','2023-12-21 06:59:49','2023-12-21 06:59:49'),(17,'BY DEVELOPER','2023-12-21 07:00:04','2023-12-21 07:00:04'),(18,'GEMILANG PROPERTY','2023-12-29 13:11:30','2023-12-29 13:11:30');
/*!40000 ALTER TABLE `marketing` ENABLE KEYS */;
UNLOCK TABLES;

--
-- Table structure for table `master_perumahans`
--

DROP TABLE IF EXISTS `master_perumahans`;
/*!40101 SET @saved_cs_client     = @@character_set_client */;
/*!40101 SET character_set_client = utf8 */;
CREATE TABLE `master_perumahans` (
  `id` bigint(20) unsigned NOT NULL AUTO_INCREMENT,
  `nama_perumahan` varchar(255) NOT NULL,
  `alamat` varchar(255) NOT NULL,
  `url_maps` varchar(255) DEFAULT NULL,
  `created_at` timestamp NULL DEFAULT NULL,
  `updated_at` timestamp NULL DEFAULT NULL,
  PRIMARY KEY (`id`)
) ENGINE=InnoDB AUTO_INCREMENT=6 DEFAULT CHARSET=utf8mb4 COLLATE=utf8mb4_unicode_ci;
/*!40101 SET character_set_client = @saved_cs_client */;

--
-- Dumping data for table `master_perumahans`
--

LOCK TABLES `master_perumahans` WRITE;
/*!40000 ALTER TABLE `master_perumahans` DISABLE KEYS */;
INSERT INTO `master_perumahans` VALUES (1,'NAMI LAND BAROMBONG TAHAP 1','Kanjilo Barombong','nami-land-barombong-tahap-1',NULL,'2023-12-16 15:19:05'),(5,'NAMI LAND BAROMBONG TAHAP 2','Kanjilo Barombong','nami-land-barombong-tahap-2','2023-12-12 06:22:36','2023-12-16 15:15:13');
/*!40000 ALTER TABLE `master_perumahans` ENABLE KEYS */;
UNLOCK TABLES;

--
-- Table structure for table `migrations`
--

DROP TABLE IF EXISTS `migrations`;
/*!40101 SET @saved_cs_client     = @@character_set_client */;
/*!40101 SET character_set_client = utf8 */;
CREATE TABLE `migrations` (
  `id` int(10) unsigned NOT NULL AUTO_INCREMENT,
  `migration` varchar(255) NOT NULL,
  `batch` int(11) NOT NULL,
  PRIMARY KEY (`id`)
) ENGINE=InnoDB AUTO_INCREMENT=18 DEFAULT CHARSET=utf8mb4 COLLATE=utf8mb4_unicode_ci;
/*!40101 SET character_set_client = @saved_cs_client */;

--
-- Dumping data for table `migrations`
--

LOCK TABLES `migrations` WRITE;
/*!40000 ALTER TABLE `migrations` DISABLE KEYS */;
/*!40000 ALTER TABLE `migrations` ENABLE KEYS */;
UNLOCK TABLES;

--
-- Table structure for table `password_reset_tokens`
--

DROP TABLE IF EXISTS `password_reset_tokens`;
/*!40101 SET @saved_cs_client     = @@character_set_client */;
/*!40101 SET character_set_client = utf8 */;
CREATE TABLE `password_reset_tokens` (
  `email` varchar(255) NOT NULL,
  `token` varchar(255) NOT NULL,
  `created_at` timestamp NULL DEFAULT NULL,
  PRIMARY KEY (`email`)
) ENGINE=InnoDB DEFAULT CHARSET=utf8mb4 COLLATE=utf8mb4_unicode_ci;
/*!40101 SET character_set_client = @saved_cs_client */;

--
-- Dumping data for table `password_reset_tokens`
--

LOCK TABLES `password_reset_tokens` WRITE;
/*!40000 ALTER TABLE `password_reset_tokens` DISABLE KEYS */;
/*!40000 ALTER TABLE `password_reset_tokens` ENABLE KEYS */;
UNLOCK TABLES;

--
-- Table structure for table `personal_access_tokens`
--

DROP TABLE IF EXISTS `personal_access_tokens`;
/*!40101 SET @saved_cs_client     = @@character_set_client */;
/*!40101 SET character_set_client = utf8 */;
CREATE TABLE `personal_access_tokens` (
  `id` bigint(20) unsigned NOT NULL AUTO_INCREMENT,
  `tokenable_type` varchar(255) NOT NULL,
  `tokenable_id` bigint(20) unsigned NOT NULL,
  `name` varchar(255) NOT NULL,
  `token` varchar(64) NOT NULL,
  `abilities` text DEFAULT NULL,
  `last_used_at` timestamp NULL DEFAULT NULL,
  `expires_at` timestamp NULL DEFAULT NULL,
  `created_at` timestamp NULL DEFAULT NULL,
  `updated_at` timestamp NULL DEFAULT NULL,
  PRIMARY KEY (`id`),
  UNIQUE KEY `personal_access_tokens_token_unique` (`token`),
  KEY `personal_access_tokens_tokenable_type_tokenable_id_index` (`tokenable_type`,`tokenable_id`)
) ENGINE=InnoDB DEFAULT CHARSET=utf8mb4 COLLATE=utf8mb4_unicode_ci;
/*!40101 SET character_set_client = @saved_cs_client */;

--
-- Dumping data for table `personal_access_tokens`
--

LOCK TABLES `personal_access_tokens` WRITE;
/*!40000 ALTER TABLE `personal_access_tokens` DISABLE KEYS */;
/*!40000 ALTER TABLE `personal_access_tokens` ENABLE KEYS */;
UNLOCK TABLES;

--
-- Table structure for table `status_bloks`
--

DROP TABLE IF EXISTS `status_bloks`;
/*!40101 SET @saved_cs_client     = @@character_set_client */;
/*!40101 SET character_set_client = utf8 */;
CREATE TABLE `status_bloks` (
  `id` bigint(20) unsigned NOT NULL AUTO_INCREMENT,
  `status` varchar(255) NOT NULL,
  `warna` varchar(255) NOT NULL,
  `icon` varchar(255) NOT NULL,
  PRIMARY KEY (`id`)
) ENGINE=InnoDB AUTO_INCREMENT=7 DEFAULT CHARSET=utf8mb4 COLLATE=utf8mb4_unicode_ci;
/*!40101 SET character_set_client = @saved_cs_client */;

--
-- Dumping data for table `status_bloks`
--

LOCK TABLES `status_bloks` WRITE;
/*!40000 ALTER TABLE `status_bloks` DISABLE KEYS */;
INSERT INTO `status_bloks` VALUES (1,'Kosong','light','fas fa-circle'),(2,'Booking','success','fas fa-calendar-check'),(3,'Proses Berkas','primary','fas fa-file-alt'),(4,'Sudah Akad','danger','fas fa-handshake'),(5,'Pembelian Cash/Lunas','warning','fas fa-money-bill-wave'),(6,'SP3K','info','fas fa-stamp');
/*!40000 ALTER TABLE `status_bloks` ENABLE KEYS */;
UNLOCK TABLES;

--
-- Table structure for table `transaction_marketing`
--

DROP TABLE IF EXISTS `transaction_marketing`;
/*!40101 SET @saved_cs_client     = @@character_set_client */;
/*!40101 SET character_set_client = utf8 */;
CREATE TABLE `transaction_marketing` (
  `id` bigint(20) unsigned NOT NULL AUTO_INCREMENT,
  `perumahan_id` int(11) NOT NULL,
  `marketing_id` int(11) NOT NULL,
  `blok_id` int(11) NOT NULL,
  `count` int(11) NOT NULL,
  `transaction` float NOT NULL,
  `transaction_date` date NOT NULL,
  `created_at` timestamp NULL DEFAULT NULL,
  `updated_at` timestamp NULL DEFAULT NULL,
  `bukti_transfer` varchar(100) DEFAULT NULL,
  PRIMARY KEY (`id`)
) ENGINE=InnoDB AUTO_INCREMENT=120 DEFAULT CHARSET=utf8mb4 COLLATE=utf8mb4_unicode_ci;
/*!40101 SET character_set_client = @saved_cs_client */;

--
-- Dumping data for table `transaction_marketing`
--

LOCK TABLES `transaction_marketing` WRITE;
/*!40000 ALTER TABLE `transaction_marketing` DISABLE KEYS */;
INSERT INTO `transaction_marketing` VALUES (1,1,11,1,1,1000000,'2023-09-11',NULL,NULL,NULL),(2,1,11,1,2,1000000,'2023-09-11',NULL,NULL,NULL),(4,1,3,26,1,1000000,'2023-09-20','2023-09-20 10:06:26','2023-09-20 10:06:26',NULL),(5,1,3,26,2,2000000,'2023-09-22','2023-09-20 10:07:13','2023-09-20 10:07:13',NULL),(6,1,3,27,1,1000000,'2023-08-02','2023-09-20 10:19:36','2023-09-20 10:19:36',NULL),(7,1,3,27,2,14000000,'2023-09-02','2023-09-20 10:20:08','2023-09-20 10:20:08',NULL),(8,1,6,28,1,1000000,'2023-09-01','2023-09-20 10:21:28','2023-09-20 10:21:28',NULL),(12,5,4,60,1,1000000,'2023-12-13','2023-12-27 07:26:37','2023-12-27 07:26:37','20231227_658bd1ada9d86.jpg'),(15,5,6,79,1,1000000,'2023-12-29','2023-12-29 08:31:31','2023-12-29 08:31:31','20231229_658e83e394918.jpg'),(16,5,17,96,1,1000000,'2023-12-29','2023-12-29 13:12:19','2023-12-29 13:12:19','20231229_658ec5b3ce45b.jpg'),(18,5,4,61,1,1000000,'2023-10-23','2023-12-30 05:59:44','2023-12-30 05:59:44','20231230_658fb1d0f27a8.jpg'),(19,5,4,54,1,1000000,'2024-02-01','2024-01-02 12:12:34','2024-01-02 12:12:34','20240102_6593fdb243a7f.jpg'),(21,5,4,53,1,1000000,'2023-12-30','2024-01-03 05:28:10','2024-01-03 05:28:10','20240103_6594f06abce9b.jpg'),(22,5,14,55,1,1000000,'2024-01-04','2024-01-05 03:44:14','2024-01-05 03:44:14','20240105_65977b0eab363.jpg'),(23,5,14,71,1,1000000,'2024-01-07','2024-01-08 02:14:14','2024-01-08 02:14:14','20240108_659b5a76cc559.jpg'),(24,5,4,69,1,8250000,'2024-01-03','2024-01-09 04:55:09','2024-01-09 04:55:09','20240109_659cd1ad9d9ff.jpg'),(26,5,7,58,1,1000000,'2024-01-06','2024-01-09 05:03:52','2024-01-09 05:03:52','20240109_659cd3b81ae6e.jpg'),(27,5,14,56,1,1000000,'2024-01-10','2024-01-10 05:55:35','2024-01-10 05:55:35','20240110_659e315763a02.jpg'),(28,5,14,57,1,1000000,'2024-01-07','2024-01-10 11:06:55','2024-01-10 11:06:55','20240110_659e7a4fb86eb.jpg'),(29,5,8,126,1,1000000,'2024-01-17','2024-01-17 02:08:15','2024-01-17 02:08:15','20240117_65a7368f0e727.jpg'),(30,5,4,97,1,1000000,'2024-01-19','2024-01-20 02:56:11','2024-01-20 02:56:11','20240120_65ab364b50821.jpg'),(31,5,4,126,1,1000000,'2024-01-23','2024-01-24 01:52:15','2024-01-24 01:52:15','20240124_65b06d4fba044.jpg'),(32,5,4,72,1,1000000,'2024-01-23','2024-01-24 01:52:57','2024-01-24 01:52:57','20240124_65b06d79b7b97.jpg'),(33,5,6,62,1,1000000,'2024-01-24','2024-01-24 05:27:31','2024-01-24 05:27:31','20240124_65b09fc324e11.jpg'),(35,5,4,63,1,1000000,'2024-02-03','2024-02-03 06:17:01','2024-02-03 06:17:01','20240203_65bdda5dabe6a.jpg'),(36,5,4,105,1,1000000,'2024-02-03','2024-02-05 06:05:11','2024-02-05 06:05:11','20240205_65c07a9751bba.jpg'),(37,5,4,95,1,1000000,'2024-02-13','2024-02-15 01:56:16','2024-02-15 01:56:16','20240215_65cd6f404c5e0.jpg'),(39,5,7,89,1,1000000,'2024-02-26','2024-02-27 03:00:36','2024-02-27 03:00:36','20240227_65dd5054803a5.jpg'),(40,5,4,54,2,15500000,'2024-03-02','2024-03-02 05:17:40','2024-03-02 05:17:40','20240302_65e2b6745e7c8.jpg'),(42,5,4,60,2,15500000,'2024-03-02','2024-03-02 05:21:08','2024-03-02 05:21:08','20240302_65e2b7449cf33.jpg'),(43,5,4,61,2,10500000,'2024-03-02','2024-03-02 05:21:57','2024-03-02 05:21:57','20240302_65e2b7759b6e7.jpg'),(44,5,4,59,1,1000000,'2024-03-02','2024-03-02 05:24:25','2024-03-02 05:24:25',NULL),(45,5,4,59,2,15500000,'2024-03-02','2024-03-02 05:25:09','2024-03-02 05:25:09','20240302_65e2b8356c0c7.jpg'),(46,5,14,66,1,1000000,'2024-03-03','2024-03-04 03:57:47','2024-03-04 03:57:47','20240304_65e546bb9bb92.jpg'),(47,5,4,125,1,1000000,'2024-03-04','2024-03-05 03:14:07','2024-03-05 03:14:07','20240305_65e68dff4288c.jpg'),(48,5,7,58,2,15300000,'2024-03-02','2024-03-08 02:56:17','2024-03-08 02:56:17','20240308_65ea7e51815f7.jpg'),(50,5,8,82,1,1000000,'2024-01-17','2024-03-08 03:02:41','2024-03-08 03:02:41','20240308_65ea7fd11dd33.jpg'),(51,5,8,82,2,15300000,'2024-03-02','2024-03-08 03:03:50','2024-03-08 03:03:50','20240308_65ea8016ec513.jpg'),(52,5,18,96,1,1000000,'2023-12-29','2024-03-08 03:11:05','2024-03-08 03:11:05','20240308_65ea81c9e00ad.jpg'),(53,5,6,50,1,1000000,'2023-12-20','2024-03-08 03:19:52','2024-03-08 03:20:28','20240308_65ea83d8cfd6f.jpg'),(54,5,6,50,2,6875000,'2023-12-22','2024-03-08 03:21:45','2024-03-08 03:21:45','20240308_65ea8449218da.jpg'),(56,5,4,51,1,1000000,'2024-03-15','2024-03-15 02:52:44','2024-03-15 02:52:44','20240315_65f3b7fcab75b.jpg'),(57,5,4,96,1,1000000,'2024-03-19','2024-03-20 01:48:46','2024-03-20 01:48:46','20240320_65fa407e1b7c0.jpg'),(58,5,17,68,1,1000000,'2024-02-15','2024-03-22 04:27:23','2024-03-22 04:27:23',NULL),(59,5,8,98,1,1000000,'2024-03-22','2024-03-22 07:55:57','2024-03-22 07:55:57','20240322_65fd398d7d540.jpg'),(61,5,4,87,1,1000000,'2024-03-22','2024-03-22 08:00:56','2024-03-22 08:00:56','20240322_65fd3ab823f8c.jpg'),(62,5,8,64,1,1000000,'2024-03-28','2024-03-31 11:35:32','2024-03-31 11:35:32','20240331_66094a842b2df.jpg'),(63,5,4,86,1,1000000,'2024-04-02','2024-04-02 06:02:23','2024-04-02 06:02:23','20240402_660b9f6f381de.jpg'),(64,5,17,55,1,1000000,'2024-04-07','2024-04-16 03:17:02','2024-04-16 03:17:02',NULL),(65,5,17,56,1,1000000,'2024-04-07','2024-04-16 03:17:20','2024-04-16 03:17:20',NULL),(66,5,17,65,1,1000000,'2024-04-07','2024-04-16 03:17:36','2024-04-16 03:17:36',NULL),(67,5,6,73,1,1000000,'2024-04-14','2024-04-16 03:55:32','2024-04-16 03:55:32','20240416_661df6b43db39.jpg'),(68,5,17,84,1,1000000,'2024-04-15','2024-04-16 06:53:58','2024-04-16 06:53:58','20240416_661e208679c8c.jpg'),(69,5,6,57,1,1000000,'2024-04-15','2024-04-16 06:57:18','2024-04-16 06:57:18','20240416_661e214e0f6e5.jpg'),(70,5,6,77,1,1000000,'2024-04-15','2024-04-16 06:57:55','2024-04-16 06:57:55','20240416_661e217341be7.jpg'),(71,5,6,85,1,1000000,'2024-04-15','2024-04-16 06:58:26','2024-04-16 06:58:26','20240416_661e2192a174b.jpg'),(72,5,6,83,1,1000000,'2024-04-15','2024-04-16 06:58:48','2024-04-16 06:58:48','20240416_661e21a8b85c5.jpg'),(73,5,6,95,1,1000000,'2024-04-15','2024-04-16 06:59:19','2024-04-16 06:59:19','20240416_661e21c7a3ed7.jpg'),(75,5,17,74,1,1000000,'2024-04-16','2024-04-17 01:15:56','2024-04-17 01:15:56','20240417_661f22ccc5ae9.jpg'),(76,5,15,67,1,1000000,'2024-03-31','2024-04-18 05:59:45','2024-04-18 06:01:16',NULL),(77,5,8,53,1,1000000,'2024-04-06','2024-04-18 06:03:28','2024-04-18 06:03:28','20240418_6620b7b0b810e.jpg'),(79,5,4,126,3,15500000,'2024-04-07','2024-04-18 06:21:33','2024-04-18 06:21:33','20240418_6620bbeddcd22.jpg'),(80,5,17,95,1,1000000,'2024-04-15','2024-04-18 06:37:42','2024-04-18 06:37:42','20240418_6620bfb64bd9b.jpg'),(81,5,8,52,1,1000000,'2024-04-18','2024-04-18 08:14:22','2024-04-18 08:14:22','20240418_6620d65ee7efb.jpg'),(82,5,17,78,1,1000000,'2024-05-30','2024-04-19 04:20:56','2024-05-30 04:44:22','20240419_6621f12805afe.jpg'),(83,5,8,62,1,1000000,'2024-03-02','2024-04-19 04:24:53','2024-04-19 04:24:53','20240419_6621f2159dc1e.jpg'),(84,5,4,75,1,1000000,'2024-04-23','2024-04-24 01:47:37','2024-04-24 01:47:37','20240424_662864b929d8f.jpg'),(85,5,4,81,1,1000000,'2024-04-24','2024-04-24 08:24:43','2024-04-24 08:24:43','20240424_6628c1cbe46b3.jpg'),(86,5,4,106,1,1000000,'2024-04-24','2024-04-24 08:25:34','2024-04-24 08:25:34','20240424_6628c1fe09752.jpg'),(87,5,14,66,2,15250000,'2024-04-26','2024-04-26 07:22:47','2024-04-26 07:22:47','20240426_662b5647bd485.jpg'),(88,5,8,62,2,15250000,'2024-04-26','2024-04-26 07:26:11','2024-04-26 07:26:11','20240426_662b5713c9c55.jpg'),(89,5,17,68,2,15250000,'2024-04-26','2024-04-26 07:27:38','2024-04-26 07:27:38','20240426_662b576a75ddb.jpg'),(90,5,17,74,2,15250000,'2024-04-26','2024-04-26 07:28:19','2024-04-26 07:28:19','20240426_662b57938585c.jpg'),(91,5,6,107,1,1000000,'2024-04-29','2024-04-30 01:38:25','2024-04-30 01:38:25','20240430_66304b9120faf.jpg'),(92,5,15,94,1,1000000,'2024-04-30','2024-04-30 05:16:44','2024-04-30 05:16:44','20240430_66307ebcc0714.jpg'),(93,5,4,92,1,1000000,'2024-05-01','2024-05-02 02:39:48','2024-05-02 02:39:48','20240502_6632fcf405e28.jpg'),(94,5,4,51,2,15500000,'2024-05-02','2024-05-03 01:55:35','2024-05-03 01:55:35','20240503_6634441710b23.jpg'),(95,5,4,86,2,15500000,'2024-05-02','2024-05-03 01:56:40','2024-05-03 01:56:40','20240503_66344458dc8d1.jpg'),(96,5,8,53,2,15250000,'2024-05-02','2024-05-03 01:57:47','2024-05-03 01:57:47','20240503_6634449bd16d5.jpg'),(97,5,8,64,2,15250000,'2024-05-02','2024-05-03 01:58:23','2024-05-03 01:58:23','20240503_663444bf0a492.jpg'),(98,5,4,117,1,1000000,'2024-05-02','2024-05-03 03:01:52','2024-05-03 03:01:52','20240503_663453a0b9eaf.jpg'),(99,5,9,105,1,1000000,'2024-05-05','2024-05-06 02:19:47','2024-05-06 02:19:47','20240506_66383e43839f6.jpg'),(100,5,17,100,1,1000000,'2024-05-04','2024-05-06 02:20:38','2024-05-06 02:20:38','20240506_66383e76c3580.jpg'),(101,5,6,97,1,1000000,'2024-05-10','2024-05-13 05:25:48','2024-05-13 05:25:48','20240513_6641a45c99d69.jpg'),(102,5,6,99,1,1000000,'2024-05-10','2024-05-13 05:26:20','2024-05-13 05:26:20','20240513_6641a47c663cf.jpg'),(103,5,4,91,1,1000000,'2024-05-14','2024-05-14 03:41:56','2024-05-14 03:41:56','20240514_6642dd8431b83.jpg'),(104,5,14,114,1,1000000,'2024-05-14','2024-05-14 03:43:19','2024-05-14 03:43:19','20240514_6642ddd7b431b.jpg'),(105,5,4,69,2,3250000,'2024-05-14','2024-05-14 03:44:47','2024-05-14 03:44:47','20240514_6642de2f8ebc0.jpg'),(106,5,6,93,1,1000000,'2024-05-15','2024-05-15 04:00:38','2024-05-15 04:00:38','20240515_66443366072f9.jpg'),(107,5,4,115,1,1000000,'2024-05-18','2024-05-20 03:10:56','2024-05-20 03:10:56','20240520_664abf40c2351.jpg'),(108,5,4,52,1,1000000,'2024-04-24','2024-05-21 05:44:57','2024-05-21 05:44:57','20240521_664c34d98d531.jpg'),(109,5,8,106,1,1000000,'2024-04-18','2024-05-21 05:45:49','2024-05-21 05:45:49','20240521_664c350d34643.jpg'),(110,5,15,94,2,15250000,'2024-05-22','2024-05-22 10:02:43','2024-05-22 10:02:43','20240522_664dc2c328902.jpg'),(111,5,4,113,1,1000000,'2024-05-25','2024-05-25 03:43:09','2024-05-25 03:43:09','20240525_66515e4da1dcb.jpg'),(112,5,17,89,1,1000000,'2024-05-25','2024-05-25 10:06:15','2024-05-25 10:06:15','20240525_6651b817c2d57.jpg'),(113,5,4,101,1,1000000,'2024-05-28','2024-05-29 02:47:52','2024-05-29 02:47:52','20240529_665697586fe50.jpg'),(114,5,4,104,1,1000000,'2024-05-29','2024-05-29 05:07:36','2024-05-29 05:07:36','20240529_6656b8188ab3c.jpg'),(115,5,17,55,2,15250000000,'2024-05-29','2024-05-29 05:52:09','2024-05-29 05:52:09','20240529_6656c28988ee2.jpg'),(116,5,6,73,2,15250000000,'2024-05-29','2024-05-29 05:53:05','2024-05-29 05:53:05','20240529_6656c2c16ead5.jpg'),(117,5,4,52,2,15500000,'2024-05-29','2024-05-29 05:59:17','2024-05-29 05:59:17','20240529_6656c4353f90e.jpg'),(118,5,4,63,2,15500000,'2024-05-29','2024-05-29 05:59:51','2024-05-29 05:59:51','20240529_6656c457b8594.jpg'),(119,5,4,87,2,10500000,'2024-05-29','2024-05-29 06:00:19','2024-05-29 06:00:19','20240529_6656c473b81d3.jpg');
/*!40000 ALTER TABLE `transaction_marketing` ENABLE KEYS */;
UNLOCK TABLES;

--
-- Table structure for table `transactions`
--

DROP TABLE IF EXISTS `transactions`;
/*!40101 SET @saved_cs_client     = @@character_set_client */;
/*!40101 SET character_set_client = utf8 */;
CREATE TABLE `transactions` (
  `id` bigint(20) unsigned NOT NULL AUTO_INCREMENT,
  `perumahan_id` int(11) NOT NULL,
  `customer_id` int(11) NOT NULL,
  `blok_id` int(11) NOT NULL,
  `count` int(11) NOT NULL,
  `transaction` float NOT NULL,
  `transaction_date` date NOT NULL,
  `created_at` timestamp NULL DEFAULT NULL,
  `updated_at` timestamp NULL DEFAULT NULL,
  `bukti_transfer` varchar(100) DEFAULT NULL,
  PRIMARY KEY (`id`)
) ENGINE=InnoDB AUTO_INCREMENT=158 DEFAULT CHARSET=utf8mb4 COLLATE=utf8mb4_unicode_ci;
/*!40101 SET character_set_client = @saved_cs_client */;

--
-- Dumping data for table `transactions`
--

LOCK TABLES `transactions` WRITE;
/*!40000 ALTER TABLE `transactions` DISABLE KEYS */;
INSERT INTO `transactions` VALUES (1,1,1,1,1,1000000,'2023-09-09',NULL,'2023-09-09 06:14:50',NULL),(3,1,1,1,2,1200000,'2023-09-10','2023-09-09 06:13:48','2023-09-09 06:17:18',NULL),(5,1,2,26,1,1000000,'2023-09-14','2023-09-14 09:48:54','2023-09-14 09:48:54',NULL),(6,1,2,26,2,2000000,'2023-09-15','2023-09-14 09:49:21','2023-09-14 09:49:21',NULL),(8,1,29,26,1,300000000,'2023-09-11','2023-09-19 08:47:30','2023-09-19 08:47:30',NULL),(9,1,2,2,1,3000000,'2023-09-03','2023-09-19 08:50:54','2023-09-19 08:50:54',NULL),(10,1,30,27,1,2000000,'2023-08-01','2023-09-25 08:59:49','2023-09-25 09:03:39',NULL),(11,1,30,27,2,3000000,'2023-08-10','2023-09-25 09:04:02','2023-09-25 09:04:02',NULL),(12,1,30,27,3,300000000,'2023-09-15','2023-09-25 09:07:21','2023-09-25 09:07:21',NULL),(13,5,56,51,1,3000000,'2023-12-19','2023-12-19 07:15:21','2023-12-19 07:15:21',NULL),(17,5,58,59,1,4000000,'2023-12-14','2023-12-27 06:47:01','2023-12-27 06:47:01','20231227_658bc8657bbc9.jpg'),(18,5,59,60,1,1000000,'2023-12-12','2023-12-27 06:49:46','2023-12-27 06:49:46','20231227_658bc90a66109.jpg'),(20,5,61,69,1,6000000,'2023-10-16','2023-12-27 07:09:02','2023-12-27 07:09:02','20231227_658bcd8ed19f6.jpg'),(21,5,61,69,2,54000000,'2023-10-17','2023-12-27 07:10:02','2023-12-27 07:10:02','20231227_658bcdcaab111.jpg'),(22,5,61,69,3,20000000,'2023-10-23','2023-12-27 07:10:51','2023-12-27 07:10:51','20231227_658bcdfb59ac4.jpg'),(23,5,61,69,4,15000000,'2023-11-07','2023-12-27 07:12:59','2023-12-27 07:12:59','20231227_658bce7ba03df.jpg'),(24,5,61,69,5,10000000,'2023-12-02','2023-12-27 07:14:03','2023-12-27 07:14:03','20231227_658bcebbf1b0d.jpg'),(25,5,61,69,6,10000000,'2023-12-15','2023-12-27 07:14:42','2023-12-27 07:14:42','20231227_658bcee25b25a.jpg'),(26,5,61,69,7,15000000,'2023-12-16','2023-12-27 07:15:13','2023-12-27 07:15:13','20231227_658bcf0183031.jpg'),(27,5,60,87,1,1000000,'2023-11-15','2023-12-27 07:18:05','2023-12-27 07:18:05','20231227_658bcfad129a9.jpg'),(28,5,56,50,1,2000000,'2023-12-20','2023-12-28 02:21:19','2023-12-28 02:21:19','20231228_658cdb9f1372d.jpg'),(29,5,56,50,2,150000000,'2023-12-22','2023-12-28 02:23:09','2023-12-28 02:23:09','20231228_658cdc0dcaf63.jpg'),(30,5,65,79,1,6000000,'2023-12-29','2023-12-29 08:30:21','2023-12-29 08:30:21','20231229_658e839d62efa.jpg'),(31,5,66,96,1,3000000,'2023-12-29','2023-12-29 13:11:24','2023-12-29 13:11:24','20231229_658ec57c94fec.jpg'),(32,5,67,52,1,1000000,'2023-11-25','2023-12-30 05:33:54','2023-12-30 05:33:54','20231230_658fabc284b1b.jpg'),(33,5,68,61,1,1000000,'2023-10-10','2023-12-30 05:44:13','2023-12-30 05:44:13','20231230_658fae2dcede9.jpg'),(34,5,70,53,1,3000000,'2023-12-30','2023-12-30 08:10:37','2023-12-30 08:10:37','20231230_658fd07d08b68.jpg'),(35,5,71,106,1,3000000,'2024-01-02','2024-01-02 07:39:06','2024-01-02 07:39:06','20240102_6593bd9a37a9f.jpg'),(36,5,72,54,1,3000000,'2024-01-02','2024-01-02 08:45:19','2024-01-02 08:45:19','20240102_6593cd1ff360a.jpg'),(37,5,61,69,8,23000000,'2024-01-02','2024-01-03 05:21:28','2024-01-03 05:21:28','20240103_6594eed80f6d0.jpg'),(39,5,59,60,2,2000000,'2024-01-06','2024-01-06 02:04:31','2024-01-06 02:04:31','20240106_6598b52fae7f0.jpg'),(40,5,74,58,1,3000000,'2024-01-06','2024-01-06 10:33:46','2024-01-06 10:33:46','20240106_65992c8ad9f66.jpg'),(41,5,75,71,1,3000000,'2024-01-07','2024-01-08 02:13:28','2024-01-08 02:13:28',NULL),(42,5,76,56,1,3000000,'2024-01-10','2024-01-10 05:55:06','2024-01-10 05:55:06','20240110_659e313aa50eb.jpg'),(43,5,61,69,9,17000000,'2024-01-08','2024-01-10 07:48:29','2024-02-23 03:48:20','20240110_659e4bcdc2ca1.jpg'),(44,5,75,57,1,3000000,'2024-02-07','2024-01-10 10:58:01','2024-01-10 10:58:01','20240110_659e783968d91.jpg'),(46,5,78,126,1,3000000,'2024-01-17','2024-01-17 02:07:38','2024-01-17 02:07:38','20240117_65a7366aadf00.jpg'),(47,5,79,97,1,3000000,'2024-01-19','2024-01-19 02:36:26','2024-01-19 02:36:26','20240119_65a9e02a76ab9.jpg'),(48,5,56,50,3,27500000,'2024-01-21','2024-01-22 01:27:50','2024-01-22 01:27:50','20240122_65adc4968d087.jpg'),(49,5,80,105,1,1000000,'2024-01-22','2024-01-22 04:28:33','2024-01-22 04:28:33','20240122_65adeef159e8f.jpg'),(50,5,81,126,1,3000000,'2024-01-22','2024-01-22 05:19:15','2024-01-22 05:19:15',NULL),(51,5,82,72,1,3000000,'2024-01-23','2024-01-23 05:07:21','2024-01-23 05:07:21','20240123_65af4989aa93a.jpg'),(52,5,78,82,1,3000000,'2024-01-17','2024-01-24 01:54:55','2024-01-24 01:54:55','20240124_65b06def0bea6.jpg'),(53,5,78,82,2,3000000,'2024-01-24','2024-01-24 01:55:47','2024-01-24 01:55:47','20240124_65b06e23a0880.jpg'),(54,5,61,69,10,20000000,'2024-01-24','2024-01-24 02:59:17','2024-01-24 02:59:17','20240124_65b07d058a89f.jpg'),(55,5,83,62,1,2000000,'2024-01-24','2024-01-24 05:26:17','2024-01-24 05:26:17',NULL),(56,5,72,54,2,3000000,'2024-01-24','2024-01-25 01:29:41','2024-01-25 01:29:41','20240125_65b1b98561ce7.jpg'),(57,5,66,96,2,3000000,'2024-01-24','2024-01-25 01:30:23','2024-01-25 01:30:23','20240125_65b1b9af6f8b1.jpg'),(58,5,59,60,3,3000000,'2024-01-25','2024-01-25 04:58:24','2024-01-25 04:58:24',NULL),(59,5,84,95,1,1000000,'2024-01-25','2024-01-26 01:48:42','2024-01-26 01:48:42','20240126_65b30f7a81dbf.jpg'),(61,5,86,63,1,2000000,'2024-02-03','2024-02-03 06:10:08','2024-02-03 06:10:08','20240203_65bdd8c06a3de.jpg'),(62,5,80,105,2,2000000,'2024-02-03','2024-02-05 06:03:54','2024-02-05 06:03:54','20240205_65c07a4a62038.jpg'),(63,5,61,69,11,20000000,'2024-02-06','2024-02-07 04:32:57','2024-02-07 04:32:57','20240207_65c307f9ad8c5.jpg'),(64,5,87,68,1,3000000,'2024-02-15','2024-02-15 01:52:59','2024-02-15 01:52:59','20240215_65cd6e7b6e4a3.jpg'),(65,5,84,95,2,5000000,'2024-02-13','2024-02-15 01:54:24','2024-02-15 01:54:24','20240215_65cd6ed020c7a.jpg'),(66,5,58,59,2,2000000,'2024-02-14','2024-02-15 01:55:22','2024-02-15 01:55:22','20240215_65cd6f0a98902.jpg'),(67,5,61,69,12,10000000,'2024-02-20','2024-02-20 09:03:06','2024-02-20 09:03:06','20240220_65d46aca47f4f.jpg'),(68,5,56,50,4,29500000,'2024-02-21','2024-02-21 08:22:08','2024-02-21 08:22:08','20240221_65d5b2b06671c.jpg'),(69,5,74,58,2,3000000,'2024-02-24','2024-02-26 01:43:26','2024-02-26 01:43:26','20240226_65dbecbe8d2eb.jpg'),(70,5,61,69,13,10000000,'2024-02-25','2024-02-26 08:52:18','2024-02-26 08:52:18','20240226_65dc514268c57.jpg'),(71,5,88,89,1,3000000,'2024-02-26','2024-02-27 02:59:53','2024-02-27 02:59:53','20240227_65dd5029c011e.jpg'),(73,5,68,61,2,5000000,'2024-03-02','2024-03-02 05:23:09','2024-03-02 05:23:09',NULL),(74,5,90,66,1,2000000,'2024-03-03','2024-03-03 05:47:47','2024-03-03 05:47:47','20240303_65e40f033b027.27.35 PM.jpeg'),(75,5,91,125,1,3000000,'2024-03-04','2024-03-05 03:13:41','2024-03-05 03:13:41','20240305_65e68de5b5de3.jpg'),(76,5,61,69,14,10000000,'2024-03-04','2024-03-05 03:26:46','2024-03-05 03:26:46','20240305_65e690f63d920.jpg'),(77,5,57,51,1,3000000,'2024-03-13','2024-03-13 02:17:19','2024-03-13 02:17:19','20240313_65f10caf698db.jpg'),(78,5,61,69,15,10000000,'2024-03-13','2024-03-13 02:45:00','2024-03-13 02:45:00','20240313_65f1132cd2c43.jpg'),(79,5,61,69,15,10000000,'2024-03-13','2024-03-13 02:45:00','2024-03-13 02:45:00','20240313_65f1132cd3b59.jpg'),(80,5,61,69,15,10000000,'2024-03-13','2024-03-13 02:45:06','2024-03-13 02:45:06','20240313_65f113321c0f8.jpg'),(81,5,56,50,5,29500000,'2024-03-15','2024-03-18 01:55:58','2024-03-18 01:55:58','20240318_65f79f2e57ff2.jpg'),(82,5,61,69,18,30000000,'2024-03-19','2024-03-20 01:47:20','2024-03-20 01:47:20','20240320_65fa402839b99.jpg'),(83,5,92,96,1,1000000,'2024-03-29','2024-03-20 01:53:37','2024-03-20 01:53:37','20240320_65fa41a1bf6cb.jpg'),(84,5,93,115,1,2000000,'2024-03-21','2024-03-22 02:32:18','2024-03-22 02:32:18','20240322_65fcedb2d507e.jpg'),(85,5,87,68,2,3000000,'2024-03-22','2024-03-22 04:27:02','2024-03-22 04:27:02','20240322_65fd0896d8a17.jpg'),(87,5,89,98,1,3000000,'2024-03-22','2024-03-22 07:55:14','2024-03-22 07:55:14','20240322_65fd396221100.jpg'),(88,5,95,64,1,3000000,'2024-03-28','2024-03-31 11:36:09','2024-03-31 11:36:09','20240331_66094aa96dd11.jpg'),(89,5,96,67,1,5000000,'2024-03-31','2024-03-31 11:36:59','2024-03-31 11:36:59','20240331_66094adb570ec.jpg'),(90,5,97,86,1,3000000,'2024-04-02','2024-04-02 01:56:31','2024-04-02 01:56:31','20240402_660b65cfa2e54.jpg'),(91,5,56,50,6,29500000,'2024-04-05','2024-04-05 14:35:48','2024-04-05 14:35:48','20240405_66100c44ce3cd.jpg'),(92,5,98,53,1,3000000,'2024-04-05','2024-04-05 14:37:38','2024-04-05 14:37:38','20240405_66100cb20c733.jpg'),(93,5,99,56,1,3000000,'2024-04-07','2024-04-16 03:14:27','2024-04-16 03:14:27','20240416_661ded13eb6b3.jpg'),(95,5,101,73,1,3000000,'2024-12-04','2024-04-16 03:54:42','2024-04-16 03:54:42','20240416_661df6824a255.jpg'),(97,5,77,57,1,3000000,'2024-04-15','2024-04-16 06:48:34','2024-04-16 06:48:34','20240416_661e1f42e86af.jpg'),(98,5,103,95,1,3000000,'2024-04-15','2024-04-16 06:49:12','2024-04-16 06:49:12','20240416_661e1f6853636.jpg'),(99,5,101,85,1,3000000,'2024-04-15','2024-04-16 06:49:45','2024-04-16 06:49:45','20240416_661e1f8910825.jpg'),(100,5,101,83,1,3000000,'2024-04-15','2024-04-16 06:50:37','2024-04-16 06:50:37','20240416_661e1fbd47abd.jpg'),(101,5,104,77,1,3000000,'2024-04-15','2024-04-16 06:52:11','2024-04-16 06:52:11','20240416_661e201b2c0dd.jpg'),(102,5,102,84,1,3000000,'2024-04-15','2024-04-16 06:53:10','2024-04-16 06:53:10','20240416_661e20569a7e2.jpg'),(103,5,73,55,1,3000000,'2024-04-07','2024-04-16 07:02:11','2024-04-16 07:02:11','20240416_661e2273b7b9e.jpg'),(104,5,100,65,1,3000000,'2024-04-07','2024-04-16 07:04:37','2024-04-16 07:04:37','20240416_661e23056dd9a.jpg'),(105,5,61,69,19,15000000,'2024-03-28','2024-04-16 07:11:16','2024-04-16 07:11:16','20240416_661e2494922e1.jpg'),(106,5,61,69,20,10000000,'2024-04-02','2024-04-16 07:13:02','2024-04-16 07:13:02','20240416_661e24fec8c78.jpg'),(107,5,61,69,21,10000000,'2024-04-06','2024-04-16 08:10:49','2024-04-16 08:10:49','20240416_661e3289c24e4.jpg'),(108,5,105,74,1,3000000,'2024-04-16','2024-04-16 12:03:34','2024-04-16 12:03:34','20240416_661e6916a7789.jpg'),(109,5,84,126,1,1000000,'2024-01-25','2024-04-18 06:24:10','2024-04-18 06:24:10','20240418_6620bc8a20f58.jpg'),(110,5,84,126,2,5000000,'2024-02-13','2024-04-18 06:25:02','2024-04-18 06:25:02','20240418_6620bcbe256b3.jpg'),(111,5,107,52,1,3000000,'2024-04-18','2024-04-18 07:07:32','2024-04-18 07:07:32','20240418_6620c6b49fee4.jpg'),(112,5,85,62,1,2000000,'2024-02-29','2024-04-19 01:31:17','2024-04-19 01:31:17','20240419_6621c965defc6.jpg'),(113,5,85,62,2,3000000,'2024-03-22','2024-04-19 01:31:47','2024-04-19 01:31:47','20240419_6621c983ad55b.jpg'),(114,5,85,62,3,1000000,'2024-04-18','2024-04-19 01:32:22','2024-04-19 01:32:22','20240419_6621c9a614eec.jpg'),(115,5,108,78,1,6000000,'2024-04-18','2024-04-19 04:20:18','2024-04-19 04:20:18','20240419_6621f102791b0.jpg'),(116,5,90,66,2,4000000,'2024-04-19','2024-04-19 07:57:59','2024-04-19 07:57:59','20240419_662224072db7c.jpg'),(117,5,105,74,2,3000000,'2024-04-20','2024-04-20 04:25:57','2024-04-20 04:25:57','20240420_662343d52959f.jpg'),(118,5,111,75,1,3000000,'2024-04-23','2024-04-23 05:12:41','2024-04-23 05:12:41','20240423_662743491a1c3.jpg'),(119,5,89,76,1,5000000,'2024-04-23','2024-04-24 06:05:33','2024-04-24 06:05:33','20240424_6628a12d92594.jpg'),(120,5,112,106,1,2000000,'2024-04-24','2024-04-24 07:43:03','2024-04-24 07:43:03','20240424_6628b807d447d.jpg'),(121,5,85,81,1,3000000,'2024-04-24','2024-04-24 07:49:18','2024-04-24 07:49:18','20240424_6628b97e94cfb.jpg'),(122,5,97,86,2,3000000,'2024-04-25','2024-04-25 01:55:25','2024-04-25 01:55:25','20240425_6629b80d0ed9b.jpg'),(123,5,114,76,1,5000000,'2024-04-23','2024-04-25 04:52:19','2024-04-25 04:52:19','20240425_6629e183ae55d.jpg'),(124,5,95,64,2,3000000,'2024-04-25','2024-04-26 01:50:38','2024-04-26 01:50:38','20240426_662b086eaa405.jpg'),(125,5,57,51,2,3000000,'2024-04-26','2024-04-26 04:54:55','2024-04-26 04:54:55','20240426_662b339f116e9.jpg'),(127,5,115,123,1,1000000,'2024-04-29','2024-04-30 01:49:51','2024-04-30 01:49:51','20240430_66304e3fa144e.jpg'),(128,5,117,94,1,6000000,'2024-04-30','2024-04-30 05:16:13','2024-04-30 05:16:13','20240430_66307e9d77a8b.jpg'),(129,5,118,117,1,1000000,'2024-04-30','2024-05-01 04:42:40','2024-05-01 04:42:40',NULL),(130,5,120,92,1,3000000,'2024-05-01','2024-05-02 02:38:42','2024-05-02 02:38:42','20240502_6632fcb2bb546.jpg'),(131,5,61,69,22,10000000,'2024-05-02','2024-05-02 03:50:42','2024-05-02 03:50:42','20240502_66330d9286825.jpg'),(132,5,118,117,2,2000000,'2024-05-02','2024-05-03 03:01:06','2024-05-03 03:01:06','20240503_663453723a956.jpg'),(133,5,121,90,1,3000000,'2024-04-27','2024-05-03 08:27:12','2024-05-03 08:27:12','20240503_66349fe00c9e4.jpg'),(134,5,122,100,1,3000000,'2024-05-04','2024-05-04 04:49:08','2024-05-04 04:49:08','20240504_6635be44c6ab1.jpg'),(135,5,123,105,1,3000000,'2024-05-05','2024-05-06 02:18:58','2024-05-06 02:18:58','20240506_66383e1257035.jpg'),(137,5,119,91,1,1000000,'2024-05-01','2024-05-07 02:00:43','2024-05-07 02:00:43','20240507_66398b4bd597c.jpg'),(138,5,119,91,2,3000000,'2024-05-07','2024-05-07 02:01:34','2024-05-07 02:01:34','20240507_66398b7e76057.jpg'),(139,5,127,97,1,3000000,'2024-05-10','2024-05-13 05:27:12','2024-05-13 05:27:12','20240513_6641a4b05915a.jpg'),(140,5,128,99,1,3000000,'2024-05-10','2024-05-13 05:38:13','2024-05-13 05:38:13','20240513_6641a74503466.jpg'),(141,5,129,114,1,3000000,'2024-05-13','2024-05-13 05:52:48','2024-05-13 05:52:48','20240513_6641aab02e5ab.jpg'),(142,5,73,55,2,3000000,'2024-05-13','2024-05-14 01:24:47','2024-05-14 01:24:47','20240514_6642bd5f1f863.jpg'),(143,5,130,93,1,3000000,'2024-05-14','2024-05-15 02:36:26','2024-05-15 02:36:26','20240515_66441faa84af5.jpg'),(144,5,86,63,2,4000000,'2024-05-15','2024-05-16 01:28:21','2024-05-16 01:28:21','20240516_66456135c6c80.jpg'),(145,5,132,115,1,3000000,'2024-05-18','2024-05-18 03:30:16','2024-05-18 03:30:16','20240518_664820c8da90c.jpg'),(146,5,112,52,1,2000000,'2024-04-24','2024-05-21 05:40:40','2024-05-21 05:40:40','20240521_664c33d840b4e.jpg'),(147,5,112,52,2,4000000,'2024-05-21','2024-05-21 05:41:11','2024-05-21 05:41:11','20240521_664c33f73fe9d.jpg'),(148,5,107,106,1,3000000,'2024-04-18','2024-05-21 05:42:18','2024-05-21 05:42:18','20240521_664c343adefbb.jpg'),(149,5,98,53,2,1000000,'2024-05-21','2024-05-21 07:21:57','2024-05-21 07:21:57','20240521_664c4b95338f3.jpg'),(150,5,101,73,2,3000000,'2024-05-22','2024-05-22 06:58:15','2024-05-22 06:58:15','20240522_664d97876137f.jpg'),(151,5,116,113,1,3000000,'2024-05-22','2024-05-25 02:33:55','2024-05-25 02:33:55','20240525_66514e13a8e04.jpg'),(152,5,133,89,1,3000000,'2024-05-25','2024-05-25 10:05:44','2024-05-25 10:05:44','20240525_6651b7f8079aa.jpg'),(153,5,94,87,1,6000000,'2024-03-22','2024-05-28 01:51:37','2024-05-28 01:51:37','20240528_665538a938d43.jpg'),(154,5,133,101,1,3000000,'2024-05-28','2024-05-28 03:40:25','2024-05-28 03:40:25','20240528_66555229aadc9.jpg'),(155,5,134,101,1,3000000,'2024-05-28','2024-05-29 02:49:07','2024-05-29 02:49:07','20240529_665697a3b16a4.jpg'),(156,5,124,104,1,3000000,'2024-05-29','2024-05-29 05:00:23','2024-05-29 05:00:23','20240529_6656b6674ec4e.jpg'),(157,5,136,78,1,3000000,'2024-05-30','2024-05-30 04:07:47','2024-05-30 04:07:47','20240530_6657fb939a1ad.jpg');
/*!40000 ALTER TABLE `transactions` ENABLE KEYS */;
UNLOCK TABLES;

--
-- Table structure for table `users`
--

DROP TABLE IF EXISTS `users`;
/*!40101 SET @saved_cs_client     = @@character_set_client */;
/*!40101 SET character_set_client = utf8 */;
CREATE TABLE `users` (
  `id` bigint(20) unsigned NOT NULL AUTO_INCREMENT,
  `name` varchar(255) NOT NULL,
  `email` varchar(255) NOT NULL,
  `email_verified_at` timestamp NULL DEFAULT NULL,
  `password` varchar(255) NOT NULL,
  `role` enum('admin','user','visitor') DEFAULT NULL,
  `perumahan_id` int(11) DEFAULT NULL,
  `remember_token` varchar(100) DEFAULT NULL,
  `created_at` timestamp NULL DEFAULT NULL,
  `updated_at` timestamp NULL DEFAULT NULL,
  PRIMARY KEY (`id`),
  UNIQUE KEY `users_email_unique` (`email`)
) ENGINE=InnoDB AUTO_INCREMENT=12 DEFAULT CHARSET=utf8mb4 COLLATE=utf8mb4_unicode_ci;
/*!40101 SET character_set_client = @saved_cs_client */;

--
-- Dumping data for table `users`
--

LOCK TABLES `users` WRITE;
/*!40000 ALTER TABLE `users` DISABLE KEYS */;
INSERT INTO `users` VALUES (1,'admin','admin@gmail.com',NULL,'$2y$10$e0FSk8r/.qc3vF35Iyw0TO0Tqe6IRWvQG/Ogi5WwlY.XaF2NrgaGS','admin',NULL,NULL,'2023-08-02 03:28:16','2023-08-17 04:30:26'),(5,'12123131','admin4@gmail.com',NULL,'$2y$10$8LUCSKMV6D3XN1/AXodKHu2e0oR4WL.WW3MBWCadCewV0WmEY9JhG','admin',NULL,NULL,'2023-08-07 05:43:00','2023-09-01 23:44:47'),(6,'gwefw','admin5@gmail.com',NULL,'$2y$10$SYkrWHj/F/OY4HGCgtXjouAv84bGWYWpz.zJk49F9eA4PpTBtNv1q','user',1,NULL,'2023-08-07 05:43:41','2023-09-02 02:11:18'),(7,'Fiqri Haikhar2','admin6@gmail.com',NULL,'$2y$10$tGCspo5rh85X8JXq58sykextiFB65ROOa4fcksYGZMb7jBNp436P6','admin',NULL,NULL,'2023-08-07 05:45:17','2023-09-26 12:43:18'),(11,'apriliya','adminapriliya@derinosgroup.com',NULL,'$2y$10$6Uw0wGi2ZNfzRxa.vMOMIuPpAW8Ac8XXK1pCp2L0rRbFIuR4WP4Mu','user',5,NULL,'2023-12-20 07:44:49','2023-12-20 07:44:59');
/*!40000 ALTER TABLE `users` ENABLE KEYS */;
UNLOCK TABLES;
/*!40103 SET TIME_ZONE=@OLD_TIME_ZONE */;

/*!40101 SET SQL_MODE=@OLD_SQL_MODE */;
/*!40014 SET FOREIGN_KEY_CHECKS=@OLD_FOREIGN_KEY_CHECKS */;
/*!40014 SET UNIQUE_CHECKS=@OLD_UNIQUE_CHECKS */;
/*!40101 SET CHARACTER_SET_CLIENT=@OLD_CHARACTER_SET_CLIENT */;
/*!40101 SET CHARACTER_SET_RESULTS=@OLD_CHARACTER_SET_RESULTS */;
/*!40101 SET COLLATION_CONNECTION=@OLD_COLLATION_CONNECTION */;
/*!40111 SET SQL_NOTES=@OLD_SQL_NOTES */;

-- Dump completed on 2024-05-31 16:26:43
