-- MariaDB dump 10.19  Distrib 10.6.12-MariaDB, for debian-linux-gnu (x86_64)
--
-- Host: localhost    Database: derinos
-- ------------------------------------------------------
-- Server version	10.6.12-MariaDB-0ubuntu0.22.04.1

/*!40101 SET @OLD_CHARACTER_SET_CLIENT=@@CHARACTER_SET_CLIENT */;
/*!40101 SET @OLD_CHARACTER_SET_RESULTS=@@CHARACTER_SET_RESULTS */;
/*!40101 SET @OLD_COLLATION_CONNECTION=@@COLLATION_CONNECTION */;
/*!40101 SET NAMES utf8mb4 */;
/*!40103 SET @OLD_TIME_ZONE=@@TIME_ZONE */;
/*!40103 SET TIME_ZONE='+00:00' */;
/*!40014 SET @OLD_UNIQUE_CHECKS=@@UNIQUE_CHECKS, UNIQUE_CHECKS=0 */;
/*!40014 SET @OLD_FOREIGN_KEY_CHECKS=@@FOREIGN_KEY_CHECKS, FOREIGN_KEY_CHECKS=0 */;
/*!40101 SET @OLD_SQL_MODE=@@SQL_MODE, SQL_MODE='NO_AUTO_VALUE_ON_ZERO' */;
/*!40111 SET @OLD_SQL_NOTES=@@SQL_NOTES, SQL_NOTES=0 */;

--
-- Table structure for table `bloks`
--

DROP TABLE IF EXISTS `bloks`;
/*!40101 SET @saved_cs_client     = @@character_set_client */;
/*!40101 SET character_set_client = utf8 */;
CREATE TABLE `bloks` (
  `id` bigint(20) unsigned NOT NULL AUTO_INCREMENT,
  `perumahan_id` int(11) NOT NULL,
  `customer_id` int(11) DEFAULT NULL,
  `kode` varchar(255) NOT NULL,
  `panjang` double NOT NULL,
  `lebar` double NOT NULL,
  `luas` double NOT NULL,
  `harga_jual` double NOT NULL,
  `status_blok_id` int(11) NOT NULL,
  `status_bayar` enum('ya','tidak') NOT NULL,
  `keterangan` varchar(255) DEFAULT NULL,
  `created_at` timestamp NULL DEFAULT NULL,
  `updated_at` timestamp NULL DEFAULT NULL,
  PRIMARY KEY (`id`)
) ENGINE=InnoDB AUTO_INCREMENT=126 DEFAULT CHARSET=utf8mb4 COLLATE=utf8mb4_unicode_ci;
/*!40101 SET character_set_client = @saved_cs_client */;

--
-- Dumping data for table `bloks`
--

LOCK TABLES `bloks` WRITE;
/*!40000 ALTER TABLE `bloks` DISABLE KEYS */;
INSERT INTO `bloks` VALUES (1,1,1,'b20',13,6,78,305000000,4,'ya','Btn Mks','0000-00-00 00:00:00','2023-09-27 12:44:40'),(2,1,2,'a5',7,11,77,1000000,4,'ya','Btn Mks','0000-00-00 00:00:00','2023-12-19 07:30:07'),(3,1,3,'b11',7,11,77,1000000,4,'ya','Btn Mks','0000-00-00 00:00:00','2023-09-07 05:55:12'),(4,1,4,'b5',7,11,77,1000000,4,'ya','Btn Mks','0000-00-00 00:00:00','2023-09-20 07:43:01'),(5,1,5,'c2',7,11,77,1000000,4,'ya','Btn Mks','0000-00-00 00:00:00','2023-09-20 07:52:13'),(6,1,36,'c13',7,11,77,1000000,4,'ya','Btn Mks','0000-00-00 00:00:00','2023-09-20 07:59:43'),(7,1,48,'b9',7,11,77,1000000,4,'ya','Btn Mks','0000-00-00 00:00:00','2023-09-27 12:44:20'),(8,1,8,'b6',7,11,77,1000000,4,'ya','Btn Mks','0000-00-00 00:00:00','2023-09-07 05:54:00'),(9,1,9,'c14',7,11,77,1000000,1,'ya','Btn Mks','0000-00-00 00:00:00','2023-09-27 12:49:11'),(10,1,10,'c6',7,11,77,1000000,2,'ya','','0000-00-00 00:00:00','2023-09-20 08:34:28'),(11,1,11,'b13',7,11,77,1000000,3,'ya','','0000-00-00 00:00:00','2023-09-20 07:47:49'),(12,1,12,'b7',7,11,77,1000000,4,'ya','','0000-00-00 00:00:00','2023-12-19 07:30:16'),(13,1,13,'c19',7,11,77,1000000,4,'ya','','0000-00-00 00:00:00','2023-09-27 12:47:36'),(14,1,14,'c17',7,11,77,1000000,1,'ya','','0000-00-00 00:00:00','2023-09-27 12:47:11'),(15,1,15,'b12',7,11,77,1000000,4,'ya','','0000-00-00 00:00:00','2023-09-27 12:44:54'),(16,1,16,'c15',7,11,77,1000000,5,'ya','','0000-00-00 00:00:00','2023-09-20 08:00:25'),(17,1,17,'b10',7,11,77,1000000,4,'ya','','0000-00-00 00:00:00','2023-12-19 07:30:27'),(18,1,18,'c18',7,11,77,1000000,4,'ya','','0000-00-00 00:00:00','2023-09-27 12:47:26'),(19,1,35,'c8',7,11,77,1000000,3,'ya','','0000-00-00 00:00:00','2023-09-20 07:56:30'),(20,1,35,'c7',7,11,77,1000000,3,'ya','','0000-00-00 00:00:00','2023-09-20 07:56:11'),(21,1,21,'c20',7,11,77,1000000,4,'ya','','0000-00-00 00:00:00','2023-09-27 12:47:45'),(22,1,22,'b19',7,11,77,1000000,3,'ya','','0000-00-00 00:00:00','2023-09-20 07:51:12'),(23,1,23,'b16',7,11,77,1000000,3,'ya','','0000-00-00 00:00:00','2023-09-11 07:25:26'),(24,1,51,'c4',7,11,77,1000000,4,'ya','','0000-00-00 00:00:00','2023-09-27 12:46:03'),(25,1,25,'b18',7,11,77,1000000,3,'ya','','0000-00-00 00:00:00','2023-09-20 07:50:39'),(26,1,29,'a1',7,11,77,1000000,4,'ya','','0000-00-00 00:00:00','2023-09-26 12:43:39'),(27,1,30,'a2',7,11,77,1000000,4,'ya','','0000-00-00 00:00:00','2023-09-20 06:47:33'),(28,1,43,'a3',7,11,77,1000000,4,'ya','','0000-00-00 00:00:00','2023-09-20 07:31:00'),(29,1,31,'a4',7,11,77,1000000,4,'ya','','0000-00-00 00:00:00','2023-09-20 06:48:19'),(30,1,44,'a6',7,11,77,1000000,4,'ya','','0000-00-00 00:00:00','2023-09-20 07:38:46'),(31,1,45,'a7',7,11,77,1000000,4,'ya','','0000-00-00 00:00:00','2023-09-20 07:39:42'),(32,1,0,'a8',7,11,77,1000000,3,'ya','','0000-00-00 00:00:00','0000-00-00 00:00:00'),(33,1,46,'b1',7,11,77,1000000,4,'ya','','0000-00-00 00:00:00','2023-09-20 08:29:36'),(34,1,32,'b2',7,11,77,1000000,4,'ya','','0000-00-00 00:00:00','2023-09-20 07:40:46'),(35,1,47,'b3',7,11,77,1000000,4,'ya','','0000-00-00 00:00:00','2023-10-11 07:20:42'),(36,1,42,'b4',7,11,77,1000000,4,'ya','','0000-00-00 00:00:00','2023-09-20 07:41:44'),(37,1,37,'b8',7,11,77,1000000,4,'ya','','0000-00-00 00:00:00','2023-09-20 07:44:57'),(38,1,40,'b14',7,11,77,1000000,4,'ya','','0000-00-00 00:00:00','2023-12-19 07:30:41'),(39,1,41,'b15',7,11,77,1000000,3,'ya','','0000-00-00 00:00:00','2023-09-20 07:48:31'),(40,1,49,'b17',7,11,77,1000000,4,'ya','','0000-00-00 00:00:00','2023-09-27 12:45:17'),(41,1,50,'c1',7,11,77,1000000,4,'ya','','0000-00-00 00:00:00','2023-09-27 12:45:48'),(42,1,3,'c3',7,11,77,1000000,5,'ya','','0000-00-00 00:00:00','2023-09-20 07:52:43'),(43,1,39,'c5',7,11,77,1000000,4,'ya','','0000-00-00 00:00:00','2023-09-27 12:46:17'),(44,1,52,'c9',7,11,77,1000000,4,'ya','','0000-00-00 00:00:00','2023-09-27 12:46:32'),(45,1,1,'c10',7,11,77,1000000,1,'ya','','0000-00-00 00:00:00','2023-09-26 12:43:42'),(46,1,2,'c11',7,11,77,1000000,1,'ya','','0000-00-00 00:00:00','2023-09-20 07:58:50'),(47,1,33,'c12',7,11,77,1000000,4,'ya','','0000-00-00 00:00:00','2023-09-20 07:59:08'),(48,1,53,'c16',7,11,77,1000000,4,'ya','','0000-00-00 00:00:00','2023-09-27 12:46:57'),(49,1,54,'c21',7,11,77,1000000,5,'ya','','0000-00-00 00:00:00','2023-09-25 12:34:46'),(50,5,56,'d1',13,6,78,326000000,5,'ya','TANDA JADI 2 JUTA. SUDAH TF CF 1 JUTA','2023-12-11 01:39:43','2023-12-21 08:22:57'),(51,5,57,'d2',13,6,78,326000000,2,'ya','TANDA JADI 3 JUTA','2023-12-11 01:40:00','2023-12-21 08:24:33'),(52,5,67,'d3',13,6,78,326000000,3,'ya','TANDA JADI 1 JUTA. SUDAH TF CF 1 JUTA','2023-12-11 01:40:14','2023-12-30 05:44:44'),(53,5,70,'d4',13,6,78,326000000,3,'ya','TANDA JADI 1 JUTA. SUDAH TF CF 1 JUTA','2023-12-11 01:40:28','2024-01-05 03:45:10'),(54,5,72,'d5',13,6,78,326000000,2,'ya','TANDA JADI 3 JUTA. SUDAH TF CF 1 JUTA','2023-12-11 01:40:41','2024-01-02 12:14:38'),(55,5,73,'d6',13,6,78,326000000,2,'ya','TANDA JADI 3 JUTA. SUDAH TF CF 1 JUTA.','2023-12-11 01:40:56','2024-01-05 03:44:39'),(56,5,NULL,'d7',1,1,1,1,1,'tidak','','2023-12-11 01:41:13','2023-12-11 01:41:13'),(57,5,NULL,'d8',1,1,1,1,1,'tidak','','2023-12-11 01:41:35','2023-12-11 01:41:52'),(58,5,74,'d9',13,6,78,326000000,2,'ya','TANDA JADI 3 JUTA.','2023-12-11 01:42:11','2024-01-06 10:32:58'),(59,5,58,'d10',13,6,78,326000000,3,'ya','TANDA JADI 4 JUTA TUNAI.','2023-12-11 01:43:07','2024-01-06 02:15:22'),(60,5,59,'d11',13,6,78,326000000,3,'ya','TANDA JADI 1 JUTA. SUDAH TF CF 1 JUTA, TAMBAHAN UTJ 2 JUTA TUNAI.','2023-12-11 01:39:43','2024-01-06 02:07:08'),(61,5,68,'d12',13,6,78,326000000,3,'ya','TANDA JADI 1 JUTA. SUDAH TF CF 1 JUTA','2023-12-11 01:40:00','2023-12-30 05:45:45'),(62,5,NULL,'d13',1,1,1,1,1,'tidak','','2023-12-11 01:40:14','2023-12-11 01:40:14'),(63,5,NULL,'d14',1,1,1,1,1,'tidak','','2023-12-11 01:40:28','2023-12-11 01:40:28'),(64,5,NULL,'d15',1,1,1,1,1,'tidak','','2023-12-11 01:40:41','2023-12-11 01:40:41'),(65,5,NULL,'d16',1,1,1,1,1,'tidak','','2023-12-11 01:40:56','2023-12-11 01:40:56'),(66,5,NULL,'d17',1,1,1,1,1,'tidak','','2023-12-11 01:41:13','2023-12-11 01:41:13'),(67,5,NULL,'d18',1,1,1,1,1,'tidak','','2023-12-11 01:41:35','2023-12-11 01:41:52'),(68,5,NULL,'d19',1,1,1,1,1,'tidak','','2023-12-11 01:42:11','2023-12-11 01:42:11'),(69,5,61,'d20',13,6,78,325000000,5,'ya','PEMBAYARAN DP SUDAH 153 JUTA','2023-12-11 01:43:07','2024-01-03 05:36:44'),(70,5,62,'e1',1,1,1,1,2,'tidak','','2023-12-11 01:39:43','2023-12-23 03:34:56'),(71,5,NULL,'e2',1,1,1,1,1,'tidak','','2023-12-11 01:40:00','2023-12-11 01:40:00'),(72,5,NULL,'e3',1,1,1,1,1,'tidak','','2023-12-11 01:40:14','2023-12-11 01:40:14'),(73,5,NULL,'e4',1,1,1,1,1,'tidak','','2023-12-11 01:40:28','2023-12-11 01:40:28'),(74,5,NULL,'e5',1,1,1,1,1,'tidak','','2023-12-11 01:40:41','2023-12-11 01:40:41'),(75,5,NULL,'e6',1,1,1,1,1,'tidak','','2023-12-11 01:40:56','2023-12-11 01:40:56'),(76,5,NULL,'e7',1,1,1,1,1,'tidak','','2023-12-11 01:41:13','2023-12-11 01:41:13'),(77,5,NULL,'e8',1,1,1,1,1,'tidak','','2023-12-11 01:41:35','2023-12-11 01:41:52'),(78,5,NULL,'e9',1,1,1,1,1,'tidak','','2023-12-11 01:42:11','2023-12-11 01:42:11'),(79,5,65,'e10',13,6,78,326000000,2,'ya','TANDA JADI 6 JUTA. SUDAH TF CF','2023-12-11 01:43:07','2023-12-29 08:33:21'),(80,5,63,'e11',1,1,1,1,2,'tidak','','2023-12-11 01:39:43','2023-12-23 03:44:47'),(81,5,NULL,'e12',1,1,1,1,1,'tidak','','2023-12-11 01:40:00','2023-12-11 01:40:00'),(82,5,NULL,'e13',1,1,1,1,1,'tidak','','2023-12-11 01:40:14','2023-12-11 01:40:14'),(83,5,NULL,'e14',1,1,1,1,1,'tidak','','2023-12-11 01:40:28','2023-12-11 01:40:28'),(84,5,NULL,'e15',1,1,1,1,1,'tidak','','2023-12-11 01:40:41','2023-12-11 01:40:41'),(85,5,NULL,'e16',1,1,1,1,1,'tidak','','2023-12-11 01:40:56','2023-12-11 01:40:56'),(86,5,NULL,'e17',1,1,1,1,1,'tidak','','2023-12-11 01:41:13','2023-12-11 01:41:13'),(87,5,60,'e18',13,6,78,326000000,3,'ya','TANDA JADI 1 JUTA TUNAI. SUDAH TF CF 1 JUTA','2023-12-11 01:41:35','2024-01-06 02:08:27'),(88,5,64,'f1',1,1,1,1,2,'tidak','','2023-12-11 01:39:43','2023-12-23 03:45:02'),(89,5,NULL,'f2',1,1,1,1,1,'tidak','','2023-12-11 01:40:00','2023-12-11 01:40:00'),(90,5,NULL,'f3',1,1,1,1,1,'tidak','','2023-12-11 01:40:14','2023-12-11 01:40:14'),(91,5,NULL,'f4',1,1,1,1,1,'tidak','','2023-12-11 01:40:28','2023-12-11 01:40:28'),(92,5,NULL,'f5',1,1,1,1,1,'tidak','','2023-12-11 01:40:41','2023-12-11 01:40:41'),(93,5,NULL,'f6',1,1,1,1,1,'tidak','','2023-12-11 01:40:56','2023-12-11 01:40:56'),(94,5,NULL,'f7',1,1,1,1,1,'tidak','','2023-12-11 01:41:13','2023-12-11 01:41:13'),(95,5,NULL,'f8',1,1,1,1,1,'tidak','','2023-12-11 01:41:35','2023-12-11 01:41:52'),(96,5,66,'f9',13,6,78,326000000,3,'ya','TANDA JADI 3 JUTA. SUDAH TF CF 1 JUTA','2023-12-11 01:42:11','2024-01-04 09:05:45'),(97,5,NULL,'f10',1,1,1,1,1,'tidak','','2023-12-11 01:43:07','2023-12-11 01:43:07'),(98,5,NULL,'f11',1,1,1,1,1,'tidak','','2023-12-11 01:39:43','2023-12-11 01:39:43'),(99,5,NULL,'f12',1,1,1,1,1,'tidak','','2023-12-11 01:40:00','2023-12-11 01:40:00'),(100,5,NULL,'f13',1,1,1,1,1,'tidak','','2023-12-11 01:40:14','2023-12-11 01:40:14'),(101,5,NULL,'f14',1,1,1,1,1,'tidak','','2023-12-11 01:40:28','2023-12-11 01:40:28'),(102,5,NULL,'f15',1,1,1,1,1,'tidak','','2023-12-11 01:40:41','2023-12-11 01:40:41'),(103,5,NULL,'f16',1,1,1,1,1,'tidak','','2023-12-11 01:40:56','2023-12-11 01:40:56'),(104,5,NULL,'f17',1,1,1,1,1,'tidak','','2023-12-11 01:41:13','2023-12-11 01:41:13'),(105,5,NULL,'f18',1,1,1,1,1,'tidak','','2023-12-11 01:41:35','2023-12-11 01:41:52'),(106,5,71,'g1',13,6,78,326000000,3,'ya','TANDA JADI 3 JUTA. SUDAH TF CF 1 JUTA','2023-12-11 01:39:43','2024-01-05 03:44:57'),(107,5,NULL,'g2',1,1,1,1,1,'tidak','','2023-12-11 01:40:00','2023-12-11 01:40:00'),(108,5,NULL,'g3',1,1,1,1,1,'tidak','','2023-12-11 01:40:14','2023-12-11 01:40:14'),(109,5,NULL,'g4',1,1,1,1,1,'tidak','','2023-12-11 01:40:28','2023-12-11 01:40:28'),(110,5,NULL,'g5',1,1,1,1,1,'tidak','','2023-12-11 01:40:41','2023-12-11 01:40:41'),(111,5,NULL,'g6',1,1,1,1,1,'tidak','','2023-12-11 01:40:56','2023-12-11 01:40:56'),(112,5,NULL,'g7',1,1,1,1,1,'tidak','','2023-12-11 01:41:13','2023-12-11 01:41:13'),(113,5,NULL,'g8',1,1,1,1,1,'tidak','','2023-12-11 01:41:35','2023-12-11 01:41:52'),(114,5,NULL,'g9',1,1,1,1,1,'tidak','','2023-12-11 01:42:11','2023-12-11 01:42:11'),(115,5,NULL,'g10',1,1,1,1,1,'tidak','','2023-12-11 01:43:07','2023-12-11 01:43:07'),(116,5,69,'g11',1,1,1,1,2,'tidak','','2023-12-11 01:39:43','2023-12-30 06:08:55'),(117,5,NULL,'g12',1,1,1,1,1,'tidak','','2023-12-11 01:40:00','2023-12-11 01:40:00'),(118,5,NULL,'g13',1,1,1,1,1,'tidak','','2023-12-11 01:40:14','2023-12-11 01:40:14'),(119,5,NULL,'g14',1,1,1,1,1,'tidak','','2023-12-11 01:40:28','2023-12-11 01:40:28'),(120,5,NULL,'g15',1,1,1,1,1,'tidak','','2023-12-11 01:40:41','2023-12-11 01:40:41'),(121,5,NULL,'g16',1,1,1,1,1,'tidak','','2023-12-11 01:40:56','2023-12-11 01:40:56'),(122,5,NULL,'g17',1,1,1,1,1,'tidak','','2023-12-11 01:41:13','2023-12-11 01:41:13'),(123,5,NULL,'g18',1,1,1,1,1,'tidak','','2023-12-11 01:41:35','2023-12-11 01:41:52'),(124,5,NULL,'g19',1,1,1,1,1,'tidak','','2023-12-11 01:42:11','2023-12-11 01:42:11'),(125,5,NULL,'g20',1,1,1,1,1,'tidak','','2023-12-11 01:43:07','2023-12-11 01:43:07');
/*!40000 ALTER TABLE `bloks` ENABLE KEYS */;
UNLOCK TABLES;

--
-- Table structure for table `customers`
--

DROP TABLE IF EXISTS `customers`;
/*!40101 SET @saved_cs_client     = @@character_set_client */;
/*!40101 SET character_set_client = utf8 */;
CREATE TABLE `customers` (
  `id` bigint(20) unsigned NOT NULL AUTO_INCREMENT,
  `perumahan_id` int(11) NOT NULL,
  `nama` varchar(255) NOT NULL,
  `nik` varchar(255) NOT NULL,
  `alamat` varchar(255) NOT NULL,
  `tempat_lahir` varchar(255) NOT NULL,
  `tanggal_lahir` date NOT NULL,
  `jenis_kelamin` enum('L','P') NOT NULL,
  `telepon` varchar(255) NOT NULL,
  `email` varchar(255) NOT NULL,
  `pekerjaan` varchar(255) NOT NULL,
  `ktp` varchar(255) DEFAULT NULL,
  `marketing_id` int(11) DEFAULT NULL,
  `created_at` timestamp NULL DEFAULT NULL,
  `updated_at` timestamp NULL DEFAULT NULL,
  PRIMARY KEY (`id`)
) ENGINE=InnoDB AUTO_INCREMENT=75 DEFAULT CHARSET=utf8mb4 COLLATE=utf8mb4_unicode_ci;
/*!40101 SET character_set_client = @saved_cs_client */;

--
-- Dumping data for table `customers`
--

LOCK TABLES `customers` WRITE;
/*!40000 ALTER TABLE `customers` DISABLE KEYS */;
INSERT INTO `customers` VALUES (1,1,'Yasser Yulianandra','1234567890123450','Makassar','Makassar','2023-09-13','L','81234567890','hallo@gmail.com','-','',1,'0000-00-00 00:00:00','2023-09-27 12:44:40'),(2,1,'Muh Haikal','1234567890123450','Makassar','Makassar','2023-09-13','L','81234567890','hallo@gmail.com','-','',6,'0000-00-00 00:00:00','2023-12-19 07:30:07'),(3,1,'M. Fikri Hamsah Huma','1234567890123450','Makassar','Makassar','0000-00-00','L','81234567890','hallo@gmail.com','-','',8,'0000-00-00 00:00:00','2023-09-20 08:03:49'),(4,1,'Muhammad Fajrin S','1234567890123450','Makassar','Makassar','0000-00-00','L','81234567890','hallo@gmail.com','-','',4,'0000-00-00 00:00:00','2023-09-20 07:43:30'),(5,1,'Sri Wahyuni','7304024401920001','TAMANROYA SELATAN. JENEPONTO','TAMANROYA','1992-01-04','P','082259489292','hallo@gmail.com','PEGAWAI SWASTA','20230920_650acb32d5664.42.51.png',5,'0000-00-00 00:00:00','2023-09-20 10:36:34'),(7,1,'Henrywin Nehemia','1234567890123450','Makassar','Makassar','0000-00-00','L','81234567890','hallo@gmail.com','-','',6,'0000-00-00 00:00:00','2023-09-20 08:05:13'),(8,1,'Supiansyah','1234567890123450','Makassar','Makassar','0000-00-00','L','81234567890','hallo@gmail.com','-','',6,'0000-00-00 00:00:00','2023-09-20 07:44:06'),(9,1,'Fachrul Maulana','1234567890123450','Makassar','Makassar','0000-00-00','L','81234567890','hallo@gmail.com','-','',7,'0000-00-00 00:00:00','2023-09-27 12:49:11'),(10,1,'Muh Fardi Arianto ','1234567890123450','Makassar','Makassar','0000-00-00','L','81234567890','hallo@gmail.com','-','',5,'0000-00-00 00:00:00','2023-09-20 08:34:28'),(11,1,'Andi Sakti. S','1234567890123450','Makassar','Makassar','0000-00-00','L','81234567890','hallo@gmail.com','-','',7,'0000-00-00 00:00:00','2023-09-20 07:47:49'),(12,1,'Andi Sakti. S','1234567890123450','Makassar','Makassar','0000-00-00','L','81234567890','hallo@gmail.com','-','',7,'0000-00-00 00:00:00','2023-12-19 07:30:16'),(13,1,'Rinda Passolon','1234567890123450','Makassar','Makassar','0000-00-00','L','81234567890','hallo@gmail.com','-','',8,'0000-00-00 00:00:00','2023-09-27 12:47:36'),(14,1,'Nurman','1234567890123450','Makassar','Makassar','0000-00-00','L','81234567890','hallo@gmail.com','-','',9,'0000-00-00 00:00:00','2023-09-27 12:47:11'),(15,1,'Asriani','1234567890123450','Makassar','Makassar','0000-00-00','L','81234567890','hallo@gmail.com','-','',11,'0000-00-00 00:00:00','2023-09-27 12:44:54'),(16,1,'Ahmad Sidiq','1234567890123450','Makassar','Makassar','0000-00-00','L','81234567890','hallo@gmail.com','-','',6,'0000-00-00 00:00:00','2023-09-20 08:00:25'),(17,1,'Irnawati','1234567890123450','Makassar','Makassar','0000-00-00','L','81234567890','hallo@gmail.com','-','',7,'0000-00-00 00:00:00','2023-12-19 07:30:27'),(18,1,'Arman','1234567890123450','Makassar','Makassar','0000-00-00','L','81234567890','hallo@gmail.com','-','',4,'0000-00-00 00:00:00','2023-09-27 12:47:26'),(21,1,'Muhammad Aswar','1234567890123450','Makassar','Makassar','0000-00-00','L','81234567890','hallo@gmail.com','-','',11,'0000-00-00 00:00:00','2023-09-27 12:47:45'),(22,1,'Ariza Taufik','1234567890123450','Makassar','Makassar','0000-00-00','L','81234567890','hallo@gmail.com','-','',11,'0000-00-00 00:00:00','2023-09-20 07:51:12'),(23,1,'Hartina','1234567890123450','Makassar','Makassar','0000-00-00','L','81234567890','hallo@gmail.com','-','',4,'0000-00-00 00:00:00','2023-09-11 07:25:26'),(24,1,'Selviani Hendul Hamu','1234567890123450','Makassar','Makassar','0000-00-00','L','81234567890','hallo@gmail.com','-','',12,'0000-00-00 00:00:00','2023-09-20 08:04:42'),(25,1,'Rosniaty Rostin','1234567890123450','Makassar','Makassar','0000-00-00','L','81234567890','hallo@gmail.com','-','',4,'0000-00-00 00:00:00','2023-09-20 07:50:39'),(27,4,'Test','1234567890123456','test','Makassar','2023-09-19','L','0812345678990','test@gmail.com','test',NULL,NULL,'2023-09-19 08:21:37','2023-09-19 08:21:37'),(29,1,'HUSSAIN HARIS','7306080204830007','JL. DG TATA 2','SUNGGUMINASA','1973-04-17','L','082235807991','HUSAIN@GMAIL.COM','WIRAUSAHA',NULL,3,'2023-09-19 08:40:29','2023-09-26 12:43:39'),(30,1,'IRMA DWIANTI','7604046906840002','JL ABDUL KADIR BLOK I.G NO.14','POLEWALI','1984-06-29','P','081242731813','DWIANTIIRMA@GMAIL.COM','PEGAWAI NEGERI SIPIL',NULL,3,'2023-09-20 06:21:32','2023-09-20 06:47:33'),(31,1,'CECILIA TANIJAYA','7306084604020015','JL SULTAN HASANUDDIN 169G','MAKASSAR','2002-04-06','P','082345665406','CECIL@GMAIL.COM','PEGAWAI SWASTA',NULL,10,'2023-09-20 06:29:26','2023-09-20 06:48:19'),(32,1,'ADRIANUS','7306120804900004','JL KELAPA MOLEK 3 NO. 2','UJUNG PANDANG','1990-04-05','L','08114455330','ADRIANUS@GMAIL.COM','WIRASWASTA',NULL,6,'2023-09-20 06:35:13','2023-09-20 07:40:53'),(33,1,'ABDULLAH','7306120107740125','TANGALLA','TACCIRI','1974-07-01','L','085241671504','anDLLah@gmail.com','PEGAWAI NEGERI SIPIL',NULL,1,'2023-09-20 06:38:05','2023-09-20 07:59:08'),(34,1,'SUPIANSYAH','6471020403900002','JL 21 JANUARI NO.128','BALIKPAPAN','1990-03-04','L','081242334982','SUPIANSYAH@GMAIL.COM','PEGAWAI SWASTA',NULL,NULL,'2023-09-20 06:43:51','2023-09-20 06:43:51'),(35,1,'RAHMAT PASANRI','7371030105930005','JL G. LATIMOJONG LR 74 NO.26','MAKASSAR','1993-05-01','L','082231886137','RHP@GMAIL.COM','PEGAWAI SWASTA',NULL,5,'2023-09-20 06:46:31','2023-09-20 07:56:32'),(36,1,'FITA TUMENGKOL','9202124804900007','JL TRIKORA WOSI','GOWA','1990-04-08','P','082139729765','FTMENGKOL@GMAIL.COM','PEGAWAI SWASTA',NULL,5,'2023-09-20 06:53:50','2023-09-20 07:59:43'),(37,1,'ARDIANSA','7371102503940001','JL DG.NGADDE 2','MAKASSAR','1994-02-25','L','085145054493','ARDIAN@GMAIL.COM','PEGAWAI SWASTA',NULL,7,'2023-09-20 06:59:11','2023-09-20 08:30:41'),(38,1,'M FIKRI HAMSAH HUMA','7371032611990003','JL.BARONANG NO.12','MAKASSAR','1999-11-26','L','089647069563','HUMA@GMAIL.COM','WIRAUSAHA',NULL,NULL,'2023-09-20 07:01:47','2023-09-20 07:01:47'),(39,1,'ANGGRIANI','9202125712890009','JL TRIKORA WOSI','UJUNGPANDANG','1989-12-17','P','081341424938','ANG@GMAIL.COM','PEGAWAI SWASTA',NULL,5,'2023-09-20 07:06:56','2023-09-27 12:46:17'),(40,1,'DEFI MELLIANTI','7371134412870006','JL.RAPPOCINI RAYA LR.5 NO.198','MAKASSAR','1987-12-04','P','085241679202','DFML@GMAIL.COM','PEGAWAI SWASTA',NULL,10,'2023-09-20 07:09:34','2023-12-19 07:30:41'),(41,1,'INDAH HARDIYANTI B','7306064703900001','PAKKATTO CADDI','SUNGGUMINASA','1990-02-07','P','08114144447','INDHAG@GMAIL.COM','PEGAWAI SWASTA',NULL,4,'2023-09-20 07:11:59','2023-09-20 10:23:21'),(42,1,'HENGKY KURNIAWAN','7304012803970003','TALASA','BIRANGLOE','1998-02-05','L','082290410771','HRNGKY@GMAIL.COM','PEGAWAI SWASTA',NULL,6,'2023-09-20 07:16:28','2023-09-20 07:41:59'),(43,1,'ARDIANSYAH RISWIN','7301105712900004','TAKALAR','MAKASSAR','1990-12-17','L','0895329516533','RISWIN@GMAIL.COM','PEGAWAI NEGERI SIPIL',NULL,6,'2023-09-20 07:21:17','2023-09-20 07:31:00'),(44,1,'MUH RIZAL AKBAR','7371105712900001','JL. RAJAWALI','MAKASSAR','1991-09-01','L','082112669245','RIZAL@GMAIL.COM','WIRAUSAHA',NULL,6,'2023-09-20 07:33:32','2023-09-20 07:38:52'),(45,1,'AB ZULFIQAR','7899284767846002','MALUKU','SOPPENG','1987-08-24','L','085255522265','ABZ@GMAIL.COM','PEGAWAI NEGERI SIPIL',NULL,3,'2023-09-20 07:37:21','2023-09-20 07:39:42'),(46,1,'AKBAR J','9098090007900011','MALINO','MAKASSAR','1999-01-29','L','098736426625','AKJN@GMAIL.COM','WIRAUSAHA',NULL,5,'2023-09-20 08:07:18','2023-09-20 08:29:36'),(47,1,'IRSAN','0988768647377297','MAKASSAR','BULUKUMBA','1998-07-23','L','09826253544','IRSN@GMAIL.COM','PEGAWAI SWASTA',NULL,5,'2023-09-20 08:09:26','2023-10-11 07:20:42'),(48,1,'MUHAMMAD SYADIQ SYAKIR','7301105712900001','MAKASSAR','MAKASSAR','1990-12-17','L','08114334656','MSS@GMAIL.COM','PEGAWAI SWASTA',NULL,6,'2023-09-20 08:11:40','2023-09-27 12:44:20'),(49,1,'ISMAWATI BASRI','7306044107020089','PURI TAMAN SARI','MALINO','2000-12-22','P','0836772937','IMB@GMAIL.COM','KARYAWAN SWASTA',NULL,5,'2023-09-20 08:16:34','2023-09-27 12:45:17'),(50,1,'MILAWATY','9484737373800002','ANTANG','MAKASSAR','1987-08-09','P','081156736389','MLASSE@GMAIL.COM','PEGAWAI BUMN',NULL,10,'2023-09-20 08:17:57','2023-09-27 12:45:48'),(51,1,'DINUL RIFKY HAMDU','1234567890098763','MAKASSAR','MAKASSAR','1990-09-20','L','081234567890','HFGFG@GMAIL.COM','PEGAWAI SWASTA',NULL,12,'2023-09-20 08:21:16','2023-09-27 12:46:03'),(52,1,'DELLA INDAH LESTARI','1237890980980091','MAKASSAR','MAKASSAR','1996-09-20','P','0983764635','DELLA@GMAIL.COM','PEGAWAI SWASTA',NULL,4,'2023-09-20 08:23:42','2023-09-27 12:46:32'),(53,1,'ABID PRADATA','7892028797809356','MAKASSAR','BULUKUMBA','2000-12-17','L','03836363572','ABID@GMAIL.COM','PEGAWAI SWSTA',NULL,7,'2023-09-20 08:25:22','2023-09-27 12:46:57'),(54,1,'FRANSISKUS CORNEL MOTE','9873456787776201','MAKASSAR','PAPUA','1987-12-20','L','098827368466','FRANS@GMAIL.COM','WIRAUSAHA',NULL,8,'2023-09-20 08:28:27','2023-09-25 12:34:46'),(56,5,'NUR HASNI','7371096504690006','JL MIRAH SERUNI','BANTAENG','1969-04-25','P','085395955559','ADMINAPRILIYA@DERINOSGROUP.COM','IRT',NULL,6,'2023-12-19 07:11:46','2023-12-22 01:35:12'),(57,5,'NURI ISRAWATI DEWI','7306074611990003','JL. BASO DG NGAWING ALLATTAPPAMPANG','BANJARMASIN','1999-06-11','P','085243019661','ADMINAPRILIYA@DERINOSGROUP.COM','KARYAWAN','20231221_6583d63b2afee.jpg',7,'2023-12-21 06:07:55','2023-12-21 07:28:11'),(58,5,'HERU PATMONO','3172011102820007','JL. GUNUNG NONA NO. 22','PONTIANAK','1982-02-11','L','085255311139','ADMINAPRILIYA@DERINOSGROUP.COM','KARYAWAN SWASTA','20231221_6583d7449a43a.jpg',4,'2023-12-21 06:12:20','2024-01-05 03:45:21'),(59,5,'PUTRI','7306086202950013','JL. INPEKSI KANAL','SUNGGUMINASA','1995-02-22','P','087768938345','ADMINAPRILIYA@DERINOSGROUP.COM','KARYAWAN SWASTA','20231221_6583d8c301fb6.jpg',4,'2023-12-21 06:18:43','2024-01-04 09:05:27'),(60,5,'ARMADANI MAULANA','7306083009010008','BTN DUTA MAS PERTIWI BLOK A NO. 1','MAKASSAR','2001-09-30','L','088246847068','ADMINAPRILIYA@DERINOSGROUP.COM','KARYAWAN SWASTA','20231221_6583dd11ba25d.jpg',4,'2023-12-21 06:37:05','2023-12-22 08:51:16'),(61,5,'HJ ZAHRAH','9118016109590001','JL. KOMPAS','WATAMPONE','1959-09-21','P','081242490146','ADMINAPRILIYA@DERINOSGROUP.COM','IRT','20231221_6583dee539d01.jpg',4,'2023-12-21 06:44:53','2023-12-21 07:05:21'),(62,5,'APRILIYA SUCI LISTARI','7401104704950001','LINGK. II LAPALISU DARAT','WOLO','1995-05-05','P','082395321092','ADMINAPRILIYA@DERINOSGROUP.COM','KARYAWAN SWASTA','20231223_65865532c27dc.jpg',17,'2023-12-23 03:34:10','2023-12-23 03:34:56'),(63,5,'RATU HILDA ANANDA','7401106607020002','LIMGK. I WOLO DARAT','WOLO','2002-07-26','P','082258456590','ADMINAPRILIYA@DERINOSGROUP.COM','MAHASISWA','20231223_65865710124aa.jpg',17,'2023-12-23 03:42:08','2023-12-23 03:44:47'),(64,5,'RIZKA AULIAH SAFITRI','7401106101990001','JL. PENJERNIHAN RAYA NO. 46','WOLO','1999-01-21','P','082188655943','ADMINAPRILIYA@DERINOSGROUP.COM','KARYAWAN SWASTA','20231223_65865797cec8d.jpg',17,'2023-12-23 03:44:23','2023-12-23 03:45:02'),(65,5,'ALIM SAKTI','9271032010930007','JL. S. KALAGISON KM. 10','SUNGGUMINASA','1993-10-20','L','081248046794','ADMINAPRILIYA@DERINOSGROUP.COM','KARYAWAN SWASTA','20231229_658e84017306a.jpg',6,'2023-12-29 08:25:57','2023-12-29 08:32:01'),(66,5,'MUH FAJRI','7371060701010003','JL. TINUMBU LR. 149 NO. 31','MAKASSAR','2001-01-07','L','082191921167','ADMINAPRILIYA@DERINOSGROUP.COM','KARYAWAN SWASTA','20231229_658ec3594983a.jpg',18,'2023-12-29 13:02:17','2024-01-04 09:05:45'),(67,5,'INTAN ARIANI YUSUF','7304104501970002','BULUENG','BAJIMINASA','1997-01-05','P','082396751990','ADMINAPRILIYA@DERINOSGROUP.COM','WIRAUSAHA','20231230_658fa814d2a69.jpg',4,'2023-12-30 05:18:12','2023-12-30 05:18:36'),(68,5,'NURJANNAH','7306024806980001','PANNUJUANG','LIMBUNG','1998-06-08','P','085298581516','ADMINAPRILIYA@DERINOSGROUP.COM','WIRAUSAHA','20231230_658faddc6f5fb.jpg',4,'2023-12-30 05:42:52','2023-12-30 05:43:16'),(69,5,'JUNAEDI','7306120604920005','TAMANGAPA RAYA NO. 251','BONTOBILA','1992-04-06','L','085274559373','ADMINAPRILIYA@DERINOSGROUP.COM','PENGUSAHA',NULL,17,'2023-12-30 06:08:34','2023-12-30 06:08:55'),(70,5,'RAHMAWATI','7306076406840003','ALLATTAPPAMPANG','UJUNG PANDANG','1984-06-24','P','085767040276','ADMINAPRILIYA@DERINOSGROUP.COM','WIRAUSAHA','20231230_658fcfcd78fcf.jpg',4,'2023-12-30 08:07:41','2024-01-05 03:45:10'),(71,5,'SITI RUKMANASARI','7306076703000006','JL. SIRAHUDDIN RANI','SRAGEN','2000-04-10','P','081244651726','ADMINAPRILIYA@DERINOSGROUP.COM','KARYAWAN SWASTA','20240102_6593bd160794f.jpg',4,'2024-01-02 07:36:54','2024-01-05 03:44:57'),(72,5,'NURSIDA, A.Md.Kep','7306075502900005','JL. BASO DG NGAWING PEKANGLABBU','SUNGGUMINASA','1990-02-15','P','085244304292','ADMINAPRILIYA@DERINOSGROUP.COM','WIRAUSAHA','20240102_6593cca7bba23.jpg',4,'2024-01-02 08:43:19','2024-01-02 08:43:40'),(73,5,'RESKY','7313065010980002','DEPPASAWI DALAM NO. 5','SIDRAP','1998-10-10','P','085397400940','ADMINAPRILIYA@DERINOSGROUP.COM','WIRASWATA','20240104_659674aeb81ea.jpg',14,'2024-01-04 09:04:46','2024-01-04 09:05:12'),(74,5,'RIDWAN','7371122707870001','JL. VETERAN BAKUNG','MAKASSAR','1987-07-27','L','085243019661','ADMINAPRILIYA@DERINOSGROUP.COM','KARYAWAN','20240106_65992c1b477c2.jpg',7,'2024-01-06 10:31:55','2024-01-06 10:32:16');
/*!40000 ALTER TABLE `customers` ENABLE KEYS */;
UNLOCK TABLES;

--
-- Table structure for table `failed_jobs`
--

DROP TABLE IF EXISTS `failed_jobs`;
/*!40101 SET @saved_cs_client     = @@character_set_client */;
/*!40101 SET character_set_client = utf8 */;
CREATE TABLE `failed_jobs` (
  `id` bigint(20) unsigned NOT NULL AUTO_INCREMENT,
  `uuid` varchar(255) NOT NULL,
  `connection` text NOT NULL,
  `queue` text NOT NULL,
  `payload` longtext NOT NULL,
  `exception` longtext NOT NULL,
  `failed_at` timestamp NOT NULL DEFAULT current_timestamp(),
  PRIMARY KEY (`id`),
  UNIQUE KEY `failed_jobs_uuid_unique` (`uuid`)
) ENGINE=InnoDB DEFAULT CHARSET=utf8mb4 COLLATE=utf8mb4_unicode_ci;
/*!40101 SET character_set_client = @saved_cs_client */;

--
-- Dumping data for table `failed_jobs`
--

LOCK TABLES `failed_jobs` WRITE;
/*!40000 ALTER TABLE `failed_jobs` DISABLE KEYS */;
/*!40000 ALTER TABLE `failed_jobs` ENABLE KEYS */;
UNLOCK TABLES;

--
-- Table structure for table `marketing`
--

DROP TABLE IF EXISTS `marketing`;
/*!40101 SET @saved_cs_client     = @@character_set_client */;
/*!40101 SET character_set_client = utf8 */;
CREATE TABLE `marketing` (
  `id` bigint(20) unsigned NOT NULL AUTO_INCREMENT,
  `nama` varchar(255) NOT NULL,
  `created_at` timestamp NULL DEFAULT NULL,
  `updated_at` timestamp NULL DEFAULT NULL,
  PRIMARY KEY (`id`)
) ENGINE=InnoDB AUTO_INCREMENT=19 DEFAULT CHARSET=utf8mb4 COLLATE=utf8mb4_unicode_ci;
/*!40101 SET character_set_client = @saved_cs_client */;

--
-- Dumping data for table `marketing`
--

LOCK TABLES `marketing` WRITE;
/*!40000 ALTER TABLE `marketing` DISABLE KEYS */;
INSERT INTO `marketing` VALUES (4,'LANDMARK','2023-09-02 07:45:18','2023-12-21 06:55:19'),(6,'WIN GOLD PROPERTY','2023-09-02 07:45:41','2023-12-21 06:55:44'),(7,'RATU KENCANA PROPERTY','2023-09-02 07:45:52','2023-12-21 06:56:00'),(8,'RCA PROPERTY','2023-09-02 07:46:01','2023-12-21 06:56:26'),(9,'SKY PROPERTY','2023-09-02 07:46:09','2023-12-21 06:56:41'),(14,'46 PROPERTY','2023-12-21 06:58:14','2023-12-21 06:58:14'),(15,'HELLOTA PROPERTY','2023-12-21 06:59:36','2023-12-21 06:59:36'),(16,'AJH PROPERTY','2023-12-21 06:59:49','2023-12-21 06:59:49'),(17,'BY DEVELOPER','2023-12-21 07:00:04','2023-12-21 07:00:04'),(18,'GEMILANG PROPERTY','2023-12-29 13:11:30','2023-12-29 13:11:30');
/*!40000 ALTER TABLE `marketing` ENABLE KEYS */;
UNLOCK TABLES;

--
-- Table structure for table `master_perumahans`
--

DROP TABLE IF EXISTS `master_perumahans`;
/*!40101 SET @saved_cs_client     = @@character_set_client */;
/*!40101 SET character_set_client = utf8 */;
CREATE TABLE `master_perumahans` (
  `id` bigint(20) unsigned NOT NULL AUTO_INCREMENT,
  `nama_perumahan` varchar(255) NOT NULL,
  `alamat` varchar(255) NOT NULL,
  `url_maps` varchar(255) DEFAULT NULL,
  `created_at` timestamp NULL DEFAULT NULL,
  `updated_at` timestamp NULL DEFAULT NULL,
  PRIMARY KEY (`id`)
) ENGINE=InnoDB AUTO_INCREMENT=6 DEFAULT CHARSET=utf8mb4 COLLATE=utf8mb4_unicode_ci;
/*!40101 SET character_set_client = @saved_cs_client */;

--
-- Dumping data for table `master_perumahans`
--

LOCK TABLES `master_perumahans` WRITE;
/*!40000 ALTER TABLE `master_perumahans` DISABLE KEYS */;
INSERT INTO `master_perumahans` VALUES (1,'NAMI LAND BAROMBONG TAHAP 1','Kanjilo Barombong','nami-land-barombong-tahap-1',NULL,'2023-12-16 15:19:05'),(5,'NAMI LAND BAROMBONG TAHAP 2','Kanjilo Barombong','nami-land-barombong-tahap-2','2023-12-12 06:22:36','2023-12-16 15:15:13');
/*!40000 ALTER TABLE `master_perumahans` ENABLE KEYS */;
UNLOCK TABLES;

--
-- Table structure for table `migrations`
--

DROP TABLE IF EXISTS `migrations`;
/*!40101 SET @saved_cs_client     = @@character_set_client */;
/*!40101 SET character_set_client = utf8 */;
CREATE TABLE `migrations` (
  `id` int(10) unsigned NOT NULL AUTO_INCREMENT,
  `migration` varchar(255) NOT NULL,
  `batch` int(11) NOT NULL,
  PRIMARY KEY (`id`)
) ENGINE=InnoDB AUTO_INCREMENT=18 DEFAULT CHARSET=utf8mb4 COLLATE=utf8mb4_unicode_ci;
/*!40101 SET character_set_client = @saved_cs_client */;

--
-- Dumping data for table `migrations`
--

LOCK TABLES `migrations` WRITE;
/*!40000 ALTER TABLE `migrations` DISABLE KEYS */;
/*!40000 ALTER TABLE `migrations` ENABLE KEYS */;
UNLOCK TABLES;

--
-- Table structure for table `password_reset_tokens`
--

DROP TABLE IF EXISTS `password_reset_tokens`;
/*!40101 SET @saved_cs_client     = @@character_set_client */;
/*!40101 SET character_set_client = utf8 */;
CREATE TABLE `password_reset_tokens` (
  `email` varchar(255) NOT NULL,
  `token` varchar(255) NOT NULL,
  `created_at` timestamp NULL DEFAULT NULL,
  PRIMARY KEY (`email`)
) ENGINE=InnoDB DEFAULT CHARSET=utf8mb4 COLLATE=utf8mb4_unicode_ci;
/*!40101 SET character_set_client = @saved_cs_client */;

--
-- Dumping data for table `password_reset_tokens`
--

LOCK TABLES `password_reset_tokens` WRITE;
/*!40000 ALTER TABLE `password_reset_tokens` DISABLE KEYS */;
/*!40000 ALTER TABLE `password_reset_tokens` ENABLE KEYS */;
UNLOCK TABLES;

--
-- Table structure for table `personal_access_tokens`
--

DROP TABLE IF EXISTS `personal_access_tokens`;
/*!40101 SET @saved_cs_client     = @@character_set_client */;
/*!40101 SET character_set_client = utf8 */;
CREATE TABLE `personal_access_tokens` (
  `id` bigint(20) unsigned NOT NULL AUTO_INCREMENT,
  `tokenable_type` varchar(255) NOT NULL,
  `tokenable_id` bigint(20) unsigned NOT NULL,
  `name` varchar(255) NOT NULL,
  `token` varchar(64) NOT NULL,
  `abilities` text DEFAULT NULL,
  `last_used_at` timestamp NULL DEFAULT NULL,
  `expires_at` timestamp NULL DEFAULT NULL,
  `created_at` timestamp NULL DEFAULT NULL,
  `updated_at` timestamp NULL DEFAULT NULL,
  PRIMARY KEY (`id`),
  UNIQUE KEY `personal_access_tokens_token_unique` (`token`),
  KEY `personal_access_tokens_tokenable_type_tokenable_id_index` (`tokenable_type`,`tokenable_id`)
) ENGINE=InnoDB DEFAULT CHARSET=utf8mb4 COLLATE=utf8mb4_unicode_ci;
/*!40101 SET character_set_client = @saved_cs_client */;

--
-- Dumping data for table `personal_access_tokens`
--

LOCK TABLES `personal_access_tokens` WRITE;
/*!40000 ALTER TABLE `personal_access_tokens` DISABLE KEYS */;
/*!40000 ALTER TABLE `personal_access_tokens` ENABLE KEYS */;
UNLOCK TABLES;

--
-- Table structure for table `status_bloks`
--

DROP TABLE IF EXISTS `status_bloks`;
/*!40101 SET @saved_cs_client     = @@character_set_client */;
/*!40101 SET character_set_client = utf8 */;
CREATE TABLE `status_bloks` (
  `id` bigint(20) unsigned NOT NULL AUTO_INCREMENT,
  `status` varchar(255) NOT NULL,
  `warna` varchar(255) NOT NULL,
  `icon` varchar(255) NOT NULL,
  PRIMARY KEY (`id`)
) ENGINE=InnoDB AUTO_INCREMENT=7 DEFAULT CHARSET=utf8mb4 COLLATE=utf8mb4_unicode_ci;
/*!40101 SET character_set_client = @saved_cs_client */;

--
-- Dumping data for table `status_bloks`
--

LOCK TABLES `status_bloks` WRITE;
/*!40000 ALTER TABLE `status_bloks` DISABLE KEYS */;
INSERT INTO `status_bloks` VALUES (1,'Kosong','light','fas fa-circle'),(2,'Booking','success','fas fa-calendar-check'),(3,'Proses Berkas','primary','fas fa-file-alt'),(4,'Sudah Akad','danger','fas fa-handshake'),(5,'Pembelian Cash/Lunas','warning','fas fa-money-bill-wave'),(6,'SP3K','info','fas fa-stamp');
/*!40000 ALTER TABLE `status_bloks` ENABLE KEYS */;
UNLOCK TABLES;

--
-- Table structure for table `transaction_marketing`
--

DROP TABLE IF EXISTS `transaction_marketing`;
/*!40101 SET @saved_cs_client     = @@character_set_client */;
/*!40101 SET character_set_client = utf8 */;
CREATE TABLE `transaction_marketing` (
  `id` bigint(20) unsigned NOT NULL AUTO_INCREMENT,
  `perumahan_id` int(11) NOT NULL,
  `marketing_id` int(11) NOT NULL,
  `blok_id` int(11) NOT NULL,
  `count` int(11) NOT NULL,
  `transaction` float NOT NULL,
  `transaction_date` date NOT NULL,
  `created_at` timestamp NULL DEFAULT NULL,
  `updated_at` timestamp NULL DEFAULT NULL,
  `bukti_transfer` varchar(100) DEFAULT NULL,
  PRIMARY KEY (`id`)
) ENGINE=InnoDB AUTO_INCREMENT=23 DEFAULT CHARSET=utf8mb4 COLLATE=utf8mb4_unicode_ci;
/*!40101 SET character_set_client = @saved_cs_client */;

--
-- Dumping data for table `transaction_marketing`
--

LOCK TABLES `transaction_marketing` WRITE;
/*!40000 ALTER TABLE `transaction_marketing` DISABLE KEYS */;
INSERT INTO `transaction_marketing` VALUES (1,1,11,1,1,1000000,'2023-09-11',NULL,NULL,NULL),(2,1,11,1,2,1000000,'2023-09-11',NULL,NULL,NULL),(4,1,3,26,1,1000000,'2023-09-20','2023-09-20 10:06:26','2023-09-20 10:06:26',NULL),(5,1,3,26,2,2000000,'2023-09-22','2023-09-20 10:07:13','2023-09-20 10:07:13',NULL),(6,1,3,27,1,1000000,'2023-08-02','2023-09-20 10:19:36','2023-09-20 10:19:36',NULL),(7,1,3,27,2,14000000,'2023-09-02','2023-09-20 10:20:08','2023-09-20 10:20:08',NULL),(8,1,6,28,1,1000000,'2023-09-01','2023-09-20 10:21:28','2023-09-20 10:21:28',NULL),(9,5,4,51,1,2000000,'2023-12-20','2023-12-21 06:46:56','2023-12-21 06:46:56',NULL),(10,5,6,50,1,1000000,'2023-12-20','2023-12-27 07:21:49','2023-12-27 07:21:49','20231227_658bd08df269a.jpg'),(11,5,6,50,2,6875000,'2023-12-22','2023-12-27 07:23:44','2023-12-27 07:23:44','20231227_658bd100222c0.jpg'),(12,5,4,60,1,1000000,'2023-12-13','2023-12-27 07:26:37','2023-12-27 07:26:37','20231227_658bd1ada9d86.jpg'),(13,5,4,87,1,1000000,'2023-11-15','2023-12-27 07:35:19','2023-12-27 07:35:19','20231227_658bd3b7aad0e.jpg'),(15,5,6,79,1,1000000,'2023-12-29','2023-12-29 08:31:31','2023-12-29 08:31:31','20231229_658e83e394918.jpg'),(16,5,17,96,1,1000000,'2023-12-29','2023-12-29 13:12:19','2023-12-29 13:12:19','20231229_658ec5b3ce45b.jpg'),(17,5,4,52,1,1000000,'2023-12-02','2023-12-30 05:32:41','2023-12-30 05:32:41','20231230_658fab7976633.jpg'),(18,5,4,61,1,1000000,'2023-10-23','2023-12-30 05:59:44','2023-12-30 05:59:44','20231230_658fb1d0f27a8.jpg'),(19,5,4,54,1,1000000,'2024-02-01','2024-01-02 12:12:34','2024-01-02 12:12:34','20240102_6593fdb243a7f.jpg'),(20,5,4,106,1,1000000,'2024-01-02','2024-01-02 12:14:13','2024-01-02 12:14:13','20240102_6593fe15a24db.jpg'),(21,5,4,53,1,1000000,'2023-12-30','2024-01-03 05:28:10','2024-01-03 05:28:10','20240103_6594f06abce9b.jpg'),(22,5,14,55,1,1000000,'2024-01-04','2024-01-05 03:44:14','2024-01-05 03:44:14','20240105_65977b0eab363.jpg');
/*!40000 ALTER TABLE `transaction_marketing` ENABLE KEYS */;
UNLOCK TABLES;

--
-- Table structure for table `transactions`
--

DROP TABLE IF EXISTS `transactions`;
/*!40101 SET @saved_cs_client     = @@character_set_client */;
/*!40101 SET character_set_client = utf8 */;
CREATE TABLE `transactions` (
  `id` bigint(20) unsigned NOT NULL AUTO_INCREMENT,
  `perumahan_id` int(11) NOT NULL,
  `customer_id` int(11) NOT NULL,
  `blok_id` int(11) NOT NULL,
  `count` int(11) NOT NULL,
  `transaction` float NOT NULL,
  `transaction_date` date NOT NULL,
  `created_at` timestamp NULL DEFAULT NULL,
  `updated_at` timestamp NULL DEFAULT NULL,
  `bukti_transfer` varchar(100) DEFAULT NULL,
  PRIMARY KEY (`id`)
) ENGINE=InnoDB AUTO_INCREMENT=41 DEFAULT CHARSET=utf8mb4 COLLATE=utf8mb4_unicode_ci;
/*!40101 SET character_set_client = @saved_cs_client */;

--
-- Dumping data for table `transactions`
--

LOCK TABLES `transactions` WRITE;
/*!40000 ALTER TABLE `transactions` DISABLE KEYS */;
INSERT INTO `transactions` VALUES (1,1,1,1,1,1000000,'2023-09-09',NULL,'2023-09-09 06:14:50',NULL),(3,1,1,1,2,1200000,'2023-09-10','2023-09-09 06:13:48','2023-09-09 06:17:18',NULL),(5,1,2,26,1,1000000,'2023-09-14','2023-09-14 09:48:54','2023-09-14 09:48:54',NULL),(6,1,2,26,2,2000000,'2023-09-15','2023-09-14 09:49:21','2023-09-14 09:49:21',NULL),(8,1,29,26,1,300000000,'2023-09-11','2023-09-19 08:47:30','2023-09-19 08:47:30',NULL),(9,1,2,2,1,3000000,'2023-09-03','2023-09-19 08:50:54','2023-09-19 08:50:54',NULL),(10,1,30,27,1,2000000,'2023-08-01','2023-09-25 08:59:49','2023-09-25 09:03:39',NULL),(11,1,30,27,2,3000000,'2023-08-10','2023-09-25 09:04:02','2023-09-25 09:04:02',NULL),(12,1,30,27,3,300000000,'2023-09-15','2023-09-25 09:07:21','2023-09-25 09:07:21',NULL),(13,5,56,51,1,3000000,'2023-12-19','2023-12-19 07:15:21','2023-12-19 07:15:21',NULL),(17,5,58,59,1,4000000,'2023-12-14','2023-12-27 06:47:01','2023-12-27 06:47:01','20231227_658bc8657bbc9.jpg'),(18,5,59,60,1,1000000,'2023-12-12','2023-12-27 06:49:46','2023-12-27 06:49:46','20231227_658bc90a66109.jpg'),(19,5,57,51,1,3000000,'2023-12-19','2023-12-27 06:55:07','2023-12-27 06:55:07','20231227_658bca4b66d4d.jpg'),(20,5,61,69,1,6000000,'2023-10-16','2023-12-27 07:09:02','2023-12-27 07:09:02','20231227_658bcd8ed19f6.jpg'),(21,5,61,69,2,54000000,'2023-10-17','2023-12-27 07:10:02','2023-12-27 07:10:02','20231227_658bcdcaab111.jpg'),(22,5,61,69,3,20000000,'2023-10-23','2023-12-27 07:10:51','2023-12-27 07:10:51','20231227_658bcdfb59ac4.jpg'),(23,5,61,69,4,15000000,'2023-11-07','2023-12-27 07:12:59','2023-12-27 07:12:59','20231227_658bce7ba03df.jpg'),(24,5,61,69,5,10000000,'2023-12-02','2023-12-27 07:14:03','2023-12-27 07:14:03','20231227_658bcebbf1b0d.jpg'),(25,5,61,69,6,10000000,'2023-12-15','2023-12-27 07:14:42','2023-12-27 07:14:42','20231227_658bcee25b25a.jpg'),(26,5,61,69,7,15000000,'2023-12-16','2023-12-27 07:15:13','2023-12-27 07:15:13','20231227_658bcf0183031.jpg'),(27,5,60,87,1,1000000,'2023-11-15','2023-12-27 07:18:05','2023-12-27 07:18:05','20231227_658bcfad129a9.jpg'),(28,5,56,50,1,2000000,'2023-12-20','2023-12-28 02:21:19','2023-12-28 02:21:19','20231228_658cdb9f1372d.jpg'),(29,5,56,50,2,150000000,'2023-12-22','2023-12-28 02:23:09','2023-12-28 02:23:09','20231228_658cdc0dcaf63.jpg'),(30,5,65,79,1,6000000,'2023-12-29','2023-12-29 08:30:21','2023-12-29 08:30:21','20231229_658e839d62efa.jpg'),(31,5,66,96,1,3000000,'2023-12-29','2023-12-29 13:11:24','2023-12-29 13:11:24','20231229_658ec57c94fec.jpg'),(32,5,67,52,1,1000000,'2023-11-25','2023-12-30 05:33:54','2023-12-30 05:33:54','20231230_658fabc284b1b.jpg'),(33,5,68,61,1,1000000,'2023-10-10','2023-12-30 05:44:13','2023-12-30 05:44:13','20231230_658fae2dcede9.jpg'),(34,5,70,53,1,3000000,'2023-12-30','2023-12-30 08:10:37','2023-12-30 08:10:37','20231230_658fd07d08b68.jpg'),(35,5,71,106,1,3000000,'2024-01-02','2024-01-02 07:39:06','2024-01-02 07:39:06','20240102_6593bd9a37a9f.jpg'),(36,5,72,54,1,3000000,'2024-01-02','2024-01-02 08:45:19','2024-01-02 08:45:19','20240102_6593cd1ff360a.jpg'),(37,5,61,69,8,23000000,'2024-01-02','2024-01-03 05:21:28','2024-01-03 05:21:28','20240103_6594eed80f6d0.jpg'),(38,5,73,55,1,3000000,'2024-01-04','2024-01-04 09:07:01','2024-01-04 09:07:01','20240104_659675359a470.jpg'),(39,5,59,60,2,2000000,'2024-01-06','2024-01-06 02:04:31','2024-01-06 02:04:31','20240106_6598b52fae7f0.jpg'),(40,5,74,58,1,3000000,'2024-01-06','2024-01-06 10:33:46','2024-01-06 10:33:46','20240106_65992c8ad9f66.jpg');
/*!40000 ALTER TABLE `transactions` ENABLE KEYS */;
UNLOCK TABLES;

--
-- Table structure for table `users`
--

DROP TABLE IF EXISTS `users`;
/*!40101 SET @saved_cs_client     = @@character_set_client */;
/*!40101 SET character_set_client = utf8 */;
CREATE TABLE `users` (
  `id` bigint(20) unsigned NOT NULL AUTO_INCREMENT,
  `name` varchar(255) NOT NULL,
  `email` varchar(255) NOT NULL,
  `email_verified_at` timestamp NULL DEFAULT NULL,
  `password` varchar(255) NOT NULL,
  `role` enum('admin','user','visitor') DEFAULT NULL,
  `perumahan_id` int(11) DEFAULT NULL,
  `remember_token` varchar(100) DEFAULT NULL,
  `created_at` timestamp NULL DEFAULT NULL,
  `updated_at` timestamp NULL DEFAULT NULL,
  PRIMARY KEY (`id`),
  UNIQUE KEY `users_email_unique` (`email`)
) ENGINE=InnoDB AUTO_INCREMENT=12 DEFAULT CHARSET=utf8mb4 COLLATE=utf8mb4_unicode_ci;
/*!40101 SET character_set_client = @saved_cs_client */;

--
-- Dumping data for table `users`
--

LOCK TABLES `users` WRITE;
/*!40000 ALTER TABLE `users` DISABLE KEYS */;
INSERT INTO `users` VALUES (1,'admin','admin@gmail.com',NULL,'$2y$10$e0FSk8r/.qc3vF35Iyw0TO0Tqe6IRWvQG/Ogi5WwlY.XaF2NrgaGS','admin',NULL,NULL,'2023-08-02 03:28:16','2023-08-17 04:30:26'),(5,'12123131','admin4@gmail.com',NULL,'$2y$10$8LUCSKMV6D3XN1/AXodKHu2e0oR4WL.WW3MBWCadCewV0WmEY9JhG','admin',NULL,NULL,'2023-08-07 05:43:00','2023-09-01 23:44:47'),(6,'gwefw','admin5@gmail.com',NULL,'$2y$10$SYkrWHj/F/OY4HGCgtXjouAv84bGWYWpz.zJk49F9eA4PpTBtNv1q','user',1,NULL,'2023-08-07 05:43:41','2023-09-02 02:11:18'),(7,'Fiqri Haikhar2','admin6@gmail.com',NULL,'$2y$10$tGCspo5rh85X8JXq58sykextiFB65ROOa4fcksYGZMb7jBNp436P6','admin',NULL,NULL,'2023-08-07 05:45:17','2023-09-26 12:43:18'),(11,'apriliya','adminapriliya@derinosgroup.com',NULL,'$2y$10$6Uw0wGi2ZNfzRxa.vMOMIuPpAW8Ac8XXK1pCp2L0rRbFIuR4WP4Mu','user',5,NULL,'2023-12-20 07:44:49','2023-12-20 07:44:59');
/*!40000 ALTER TABLE `users` ENABLE KEYS */;
UNLOCK TABLES;
/*!40103 SET TIME_ZONE=@OLD_TIME_ZONE */;

/*!40101 SET SQL_MODE=@OLD_SQL_MODE */;
/*!40014 SET FOREIGN_KEY_CHECKS=@OLD_FOREIGN_KEY_CHECKS */;
/*!40014 SET UNIQUE_CHECKS=@OLD_UNIQUE_CHECKS */;
/*!40101 SET CHARACTER_SET_CLIENT=@OLD_CHARACTER_SET_CLIENT */;
/*!40101 SET CHARACTER_SET_RESULTS=@OLD_CHARACTER_SET_RESULTS */;
/*!40101 SET COLLATION_CONNECTION=@OLD_COLLATION_CONNECTION */;
/*!40111 SET SQL_NOTES=@OLD_SQL_NOTES */;

-- Dump completed on 2024-01-07 13:27:34
